BEGIN
SET
              set_config              |              set_config              | set_config | set_config
--------------------------------------+--------------------------------------+------------+------------
 00000000-0000-4000-8000-000000000004 | 10000000-0000-4000-8000-000000000002 | false      | true
(1 row)

                                                                                                                                                                                                                                                                                                                                                      QUERY PLAN
----------------------------------------------------------------------------------------------------------------------------------------------------------------------------------------------------------------------------------------------------------------------------------------------------------------------------------------------------------------------------------------------------------------------------------------------------------------------------------------------------------------------------------------------------------------------------------------------------------------------------------------------------------------------------------------------------------------------
 Result  (cost=246548217.54..246548217.82 rows=1 width=145)
   CTE portfolio
     ->  Unique  (cost=439.13..439.40 rows=53 width=16)
           ->  Sort  (cost=439.13..439.27 rows=53 width=16)
                 Sort Key: g.unit_id
                 ->  Seq Scan on management_grants g  (cost=0.00..437.61 rows=53 width=16)
                       Filter: ((organization_id = (NULLIF(current_setting('app.org'::text, true), ''::text))::uuid) AND ((owner_id = (NULLIF(current_setting('app.actor'::text, true), ''::text))::uuid) OR management_admin() OR (management_team(organization_id) AND management_grant_valid(id))) AND management_grant_valid(id))
   CTE occupation
     ->  CTE Scan on portfolio  (cost=0.00..14.31 rows=53 width=32)
   CTE contracts
     ->  Hash Join  (cost=63.48..443.46 rows=32 width=20)
           Hash Cond: (l.unit_id = p.unit_id)
           ->  Seq Scan on leases l  (cost=61.76..440.65 rows=206 width=36)
                 Filter: ((status = ANY ('{active,ended}'::text[])) AND (organization_id = (NULLIF(current_setting('app.org'::text, true), ''::text))::uuid) AND (((NULLIF(current_setting('app.org'::text, true), ''::text))::uuid IS NULL) OR management_admin() OR management_unit_granted(unit_id, organization_id)) AND ((ANY (tenant_id = (hashed SubPlan 3).col1)) OR management_owner_lease_access(id) OR (organization_id = (NULLIF(current_setting('app.org'::text, true), ''::text))::uuid) OR (COALESCE(current_setting('app.admin'::text, true), 'false'::text) = 'true'::text)))
                 SubPlan 3
                   ->  Seq Scan on tenants  (cost=0.00..61.76 rows=1 width=16)
                         Filter: ((user_id = (NULLIF(current_setting('app.actor'::text, true), ''::text))::uuid) AND ((user_id = (NULLIF(current_setting('app.actor'::text, true), ''::text))::uuid) OR management_admin() OR managed_tenant_visible(id)) AND ((user_id = (NULLIF(current_setting('app.actor'::text, true), ''::text))::uuid) OR (organization_id = (NULLIF(current_setting('app.org'::text, true), ''::text))::uuid) OR (COALESCE(current_setting('app.admin'::text, true), 'false'::text) = 'true'::text)))
           ->  Hash  (cost=1.06..1.06 rows=53 width=16)
                 ->  CTE Scan on portfolio p  (cost=0.00..1.06 rows=53 width=16)
   CTE originals
     ->  Hash Join  (cost=1368.52..14360.76 rows=5962 width=572)
           Hash Cond: (ch.lease_id = l_1.id)
           ->  Seq Scan on charges ch  (cost=1367.48..14198.78 rows=27017 width=572)
                 Filter: ((reverses_id IS NULL) AND (created_at < '2026-10-07 00:00:00+00'::timestamp with time zone) AND (status = 'posted'::text) AND (((NULLIF(current_setting('app.org'::text, true), ''::text))::uuid IS NULL) OR management_admin() OR (ANY (lease_id = (hashed SubPlan 6).col1))) AND ((ANY (lease_id = (hashed SubPlan 8).col1)) OR (ANY (lease_id = (hashed SubPlan 10).col1)) OR (organization_id = (NULLIF(current_setting('app.org'::text, true), ''::text))::uuid) OR (COALESCE(current_setting('app.admin'::text, true), 'false'::text) = 'true'::text)))
                 SubPlan 6
                   ->  Seq Scan on leases  (cost=61.76..433.79 rows=248 width=16)
                         Filter: ((((NULLIF(current_setting('app.org'::text, true), ''::text))::uuid IS NULL) OR management_admin() OR management_unit_granted(unit_id, organization_id)) AND ((ANY (tenant_id = (hashed SubPlan 5).col1)) OR management_owner_lease_access(id) OR (organization_id = (NULLIF(current_setting('app.org'::text, true), ''::text))::uuid) OR (COALESCE(current_setting('app.admin'::text, true), 'false'::text) = 'true'::text)))
                         SubPlan 5
                           ->  Seq Scan on tenants tenants_1  (cost=0.00..61.76 rows=1 width=16)
                                 Filter: ((user_id = (NULLIF(current_setting('app.actor'::text, true), ''::text))::uuid) AND ((user_id = (NULLIF(current_setting('app.actor'::text, true), ''::text))::uuid) OR management_admin() OR managed_tenant_visible(id)) AND ((user_id = (NULLIF(current_setting('app.actor'::text, true), ''::text))::uuid) OR (organization_id = (NULLIF(current_setting('app.org'::text, true), ''::text))::uuid) OR (COALESCE(current_setting('app.admin'::text, true), 'false'::text) = 'true'::text)))
                 SubPlan 8
                   ->  Nested Loop  (cost=61.76..498.65 rows=2 width=16)
                         Join Filter: (leases_1.tenant_id = tenants_3.id)
                         ->  Seq Scan on tenants tenants_3  (cost=0.00..61.76 rows=1 width=16)
                               Filter: ((user_id = (NULLIF(current_setting('app.actor'::text, true), ''::text))::uuid) AND ((user_id = (NULLIF(current_setting('app.actor'::text, true), ''::text))::uuid) OR management_admin() OR managed_tenant_visible(id)) AND ((user_id = (NULLIF(current_setting('app.actor'::text, true), ''::text))::uuid) OR (organization_id = (NULLIF(current_setting('app.org'::text, true), ''::text))::uuid) OR (COALESCE(current_setting('app.admin'::text, true), 'false'::text) = 'true'::text)))
                         ->  Seq Scan on leases leases_1  (cost=61.76..433.79 rows=248 width=32)
                               Filter: ((((NULLIF(current_setting('app.org'::text, true), ''::text))::uuid IS NULL) OR management_admin() OR management_unit_granted(unit_id, organization_id)) AND ((ANY (tenant_id = (hashed SubPlan 7).col1)) OR management_owner_lease_access(id) OR (organization_id = (NULLIF(current_setting('app.org'::text, true), ''::text))::uuid) OR (COALESCE(current_setting('app.admin'::text, true), 'false'::text) = 'true'::text)))
                               SubPlan 7
                                 ->  Seq Scan on tenants tenants_2  (cost=0.00..61.76 rows=1 width=16)
                                       Filter: ((user_id = (NULLIF(current_setting('app.actor'::text, true), ''::text))::uuid) AND ((user_id = (NULLIF(current_setting('app.actor'::text, true), ''::text))::uuid) OR management_admin() OR managed_tenant_visible(id)) AND ((user_id = (NULLIF(current_setting('app.actor'::text, true), ''::text))::uuid) OR (organization_id = (NULLIF(current_setting('app.org'::text, true), ''::text))::uuid) OR (COALESCE(current_setting('app.admin'::text, true), 'false'::text) = 'true'::text)))
                 SubPlan 10
                   ->  Seq Scan on leases leases_2  (cost=61.76..433.79 rows=248 width=16)
                         Filter: ((((NULLIF(current_setting('app.org'::text, true), ''::text))::uuid IS NULL) OR management_admin() OR management_unit_granted(unit_id, organization_id)) AND ((ANY (tenant_id = (hashed SubPlan 9).col1)) OR management_owner_lease_access(id) OR (organization_id = (NULLIF(current_setting('app.org'::text, true), ''::text))::uuid) OR (COALESCE(current_setting('app.admin'::text, true), 'false'::text) = 'true'::text)))
                         SubPlan 9
                           ->  Seq Scan on tenants tenants_4  (cost=0.00..61.76 rows=1 width=16)
                                 Filter: ((user_id = (NULLIF(current_setting('app.actor'::text, true), ''::text))::uuid) AND ((user_id = (NULLIF(current_setting('app.actor'::text, true), ''::text))::uuid) OR management_admin() OR managed_tenant_visible(id)) AND ((user_id = (NULLIF(current_setting('app.actor'::text, true), ''::text))::uuid) OR (organization_id = (NULLIF(current_setting('app.org'::text, true), ''::text))::uuid) OR (COALESCE(current_setting('app.admin'::text, true), 'false'::text) = 'true'::text)))
           ->  Hash  (cost=0.64..0.64 rows=32 width=16)
                 ->  CTE Scan on contracts l_1  (cost=0.00..0.64 rows=32 width=16)
   InitPlan 12
     ->  Aggregate  (cost=1.19..1.21 rows=1 width=4)
           ->  CTE Scan on portfolio portfolio_1  (cost=0.00..1.06 rows=53 width=0)
   InitPlan 13
     ->  Aggregate  (cost=1.19..1.21 rows=1 width=4)
           ->  CTE Scan on occupation  (cost=0.00..1.19 rows=1 width=0)
                 Filter: (state = 'occupied'::text)
   InitPlan 14
     ->  Aggregate  (cost=1.19..1.21 rows=1 width=4)
           ->  CTE Scan on occupation occupation_1  (cost=0.00..1.19 rows=1 width=0)
                 Filter: (state = 'vacant'::text)
   InitPlan 15
     ->  Aggregate  (cost=1.19..1.21 rows=1 width=4)
           ->  CTE Scan on occupation occupation_2  (cost=0.00..1.19 rows=1 width=0)
                 Filter: (state = 'unknown'::text)
   InitPlan 212
     ->  Aggregate  (cost=246532927.40..246532927.41 rows=1 width=32)
           ->  Subquery Scan on s  (cost=493.10..246532927.38 rows=3 width=56)
                 ->  GroupAggregate  (cost=493.10..246532927.35 rows=3 width=212)
                       Group Key: ch_1.currency
                       ->  Sort  (cost=493.10..508.01 rows=5962 width=56)
                             Sort Key: ch_1.currency
                             ->  CTE Scan on originals ch_1  (cost=0.00..119.24 rows=5962 width=56)
                       SubPlan 22
                         ->  Aggregate  (cost=1376.09..1376.10 rows=1 width=32)
                               ->  Index Scan using charges_reverses_id_key on charges rv  (cost=1367.77..1376.08 rows=1 width=5)
                                     Index Cond: (reverses_id = ch_1.id)
                                     Filter: ((created_at < '2026-10-07 00:00:00+00'::timestamp with time zone) AND (status = 'posted'::text) AND (((NULLIF(current_setting('app.org'::text, true), ''::text))::uuid IS NULL) OR management_admin() OR (ANY (lease_id = (hashed SubPlan 17).col1))) AND ((ANY (lease_id = (hashed SubPlan 19).col1)) OR (ANY (lease_id = (hashed SubPlan 21).col1)) OR (organization_id = (NULLIF(current_setting('app.org'::text, true), ''::text))::uuid) OR (COALESCE(current_setting('app.admin'::text, true), 'false'::text) = 'true'::text)))
                                     SubPlan 17
                                       ->  Seq Scan on leases leases_3  (cost=61.76..433.79 rows=248 width=16)
                                             Filter: ((((NULLIF(current_setting('app.org'::text, true), ''::text))::uuid IS NULL) OR management_admin() OR management_unit_granted(unit_id, organization_id)) AND ((ANY (tenant_id = (hashed SubPlan 16).col1)) OR management_owner_lease_access(id) OR (organization_id = (NULLIF(current_setting('app.org'::text, true), ''::text))::uuid) OR (COALESCE(current_setting('app.admin'::text, true), 'false'::text) = 'true'::text)))
                                             SubPlan 16
                                               ->  Seq Scan on tenants tenants_5  (cost=0.00..61.76 rows=1 width=16)
                                                     Filter: ((user_id = (NULLIF(current_setting('app.actor'::text, true), ''::text))::uuid) AND ((user_id = (NULLIF(current_setting('app.actor'::text, true), ''::text))::uuid) OR management_admin() OR managed_tenant_visible(id)) AND ((user_id = (NULLIF(current_setting('app.actor'::text, true), ''::text))::uuid) OR (organization_id = (NULLIF(current_setting('app.org'::text, true), ''::text))::uuid) OR (COALESCE(current_setting('app.admin'::text, true), 'false'::text) = 'true'::text)))
                                     SubPlan 19
                                       ->  Nested Loop  (cost=61.76..498.65 rows=2 width=16)
                                             Join Filter: (leases_4.tenant_id = tenants_7.id)
                                             ->  Seq Scan on tenants tenants_7  (cost=0.00..61.76 rows=1 width=16)
                                                   Filter: ((user_id = (NULLIF(current_setting('app.actor'::text, true), ''::text))::uuid) AND ((user_id = (NULLIF(current_setting('app.actor'::text, true), ''::text))::uuid) OR management_admin() OR managed_tenant_visible(id)) AND ((user_id = (NULLIF(current_setting('app.actor'::text, true), ''::text))::uuid) OR (organization_id = (NULLIF(current_setting('app.org'::text, true), ''::text))::uuid) OR (COALESCE(current_setting('app.admin'::text, true), 'false'::text) = 'true'::text)))
                                             ->  Seq Scan on leases leases_4  (cost=61.76..433.79 rows=248 width=32)
                                                   Filter: ((((NULLIF(current_setting('app.org'::text, true), ''::text))::uuid IS NULL) OR management_admin() OR management_unit_granted(unit_id, organization_id)) AND ((ANY (tenant_id = (hashed SubPlan 18).col1)) OR management_owner_lease_access(id) OR (organization_id = (NULLIF(current_setting('app.org'::text, true), ''::text))::uuid) OR (COALESCE(current_setting('app.admin'::text, true), 'false'::text) = 'true'::text)))
                                                   SubPlan 18
                                                     ->  Seq Scan on tenants tenants_6  (cost=0.00..61.76 rows=1 width=16)
                                                           Filter: ((user_id = (NULLIF(current_setting('app.actor'::text, true), ''::text))::uuid) AND ((user_id = (NULLIF(current_setting('app.actor'::text, true), ''::text))::uuid) OR management_admin() OR managed_tenant_visible(id)) AND ((user_id = (NULLIF(current_setting('app.actor'::text, true), ''::text))::uuid) OR (organization_id = (NULLIF(current_setting('app.org'::text, true), ''::text))::uuid) OR (COALESCE(current_setting('app.admin'::text, true), 'false'::text) = 'true'::text)))
                                     SubPlan 21
                                       ->  Seq Scan on leases leases_5  (cost=61.76..433.79 rows=248 width=16)
                                             Filter: ((((NULLIF(current_setting('app.org'::text, true), ''::text))::uuid IS NULL) OR management_admin() OR management_unit_granted(unit_id, organization_id)) AND ((ANY (tenant_id = (hashed SubPlan 20).col1)) OR management_owner_lease_access(id) OR (organization_id = (NULLIF(current_setting('app.org'::text, true), ''::text))::uuid) OR (COALESCE(current_setting('app.admin'::text, true), 'false'::text) = 'true'::text)))
                                             SubPlan 20
                                               ->  Seq Scan on tenants tenants_8  (cost=0.00..61.76 rows=1 width=16)
                                                     Filter: ((user_id = (NULLIF(current_setting('app.actor'::text, true), ''::text))::uuid) AND ((user_id = (NULLIF(current_setting('app.actor'::text, true), ''::text))::uuid) OR management_admin() OR managed_tenant_visible(id)) AND ((user_id = (NULLIF(current_setting('app.actor'::text, true), ''::text))::uuid) OR (organization_id = (NULLIF(current_setting('app.org'::text, true), ''::text))::uuid) OR (COALESCE(current_setting('app.admin'::text, true), 'false'::text) = 'true'::text)))
                       SubPlan 43
                         ->  Aggregate  (cost=4531.11..4531.12 rows=1 width=32)
                               ->  Nested Loop  (cost=4500.11..4531.11 rows=1 width=6)
                                     ->  Seq Scan on allocations a  (cost=3132.49..3154.29 rows=1 width=22)
                                           Filter: ((created_at < '2026-10-07 00:00:00+00'::timestamp with time zone) AND ((reversed_at IS NULL) OR (reversed_at >= '2026-10-07 00:00:00+00'::timestamp with time zone)) AND (charge_id = ch_1.id) AND (((NULLIF(current_setting('app.org'::text, true), ''::text))::uuid IS NULL) OR management_admin() OR (ANY (payment_id = (hashed SubPlan 29).col1))) AND ((ANY (payment_id = (hashed SubPlan 36).col1)) OR (organization_id = (NULLIF(current_setting('app.org'::text, true), ''::text))::uuid) OR (COALESCE(current_setting('app.admin'::text, true), 'false'::text) = 'true'::text)))
                                           SubPlan 29
                                             ->  Seq Scan on payments  (cost=1367.48..1565.88 rows=144 width=16)
                                                   Filter: ((((NULLIF(current_setting('app.org'::text, true), ''::text))::uuid IS NULL) OR management_admin() OR (ANY (lease_id = (hashed SubPlan 24).col1))) AND ((status = 'posted'::text) OR management_admin() OR management_finance_member(organization_id)) AND ((ANY (lease_id = (hashed SubPlan 26).col1)) OR (ANY (lease_id = (hashed SubPlan 28).col1)) OR (organization_id = (NULLIF(current_setting('app.org'::text, true), ''::text))::uuid) OR (COALESCE(current_setting('app.admin'::text, true), 'false'::text) = 'true'::text)))
                                                   SubPlan 24
                                                     ->  Seq Scan on leases leases_6  (cost=61.76..433.79 rows=248 width=16)
                                                           Filter: ((((NULLIF(current_setting('app.org'::text, true), ''::text))::uuid IS NULL) OR management_admin() OR management_unit_granted(unit_id, organization_id)) AND ((ANY (tenant_id = (hashed SubPlan 23).col1)) OR management_owner_lease_access(id) OR (organization_id = (NULLIF(current_setting('app.org'::text, true), ''::text))::uuid) OR (COALESCE(current_setting('app.admin'::text, true), 'false'::text) = 'true'::text)))
                                                           SubPlan 23
                                                             ->  Seq Scan on tenants tenants_9  (cost=0.00..61.76 rows=1 width=16)
                                                                   Filter: ((user_id = (NULLIF(current_setting('app.actor'::text, true), ''::text))::uuid) AND ((user_id = (NULLIF(current_setting('app.actor'::text, true), ''::text))::uuid) OR management_admin() OR managed_tenant_visible(id)) AND ((user_id = (NULLIF(current_setting('app.actor'::text, true), ''::text))::uuid) OR (organization_id = (NULLIF(current_setting('app.org'::text, true), ''::text))::uuid) OR (COALESCE(current_setting('app.admin'::text, true), 'false'::text) = 'true'::text)))
                                                   SubPlan 26
                                                     ->  Nested Loop  (cost=61.76..498.65 rows=2 width=16)
                                                           Join Filter: (leases_7.tenant_id = tenants_11.id)
                                                           ->  Seq Scan on tenants tenants_11  (cost=0.00..61.76 rows=1 width=16)
                                                                 Filter: ((user_id = (NULLIF(current_setting('app.actor'::text, true), ''::text))::uuid) AND ((user_id = (NULLIF(current_setting('app.actor'::text, true), ''::text))::uuid) OR management_admin() OR managed_tenant_visible(id)) AND ((user_id = (NULLIF(current_setting('app.actor'::text, true), ''::text))::uuid) OR (organization_id = (NULLIF(current_setting('app.org'::text, true), ''::text))::uuid) OR (COALESCE(current_setting('app.admin'::text, true), 'false'::text) = 'true'::text)))
                                                           ->  Seq Scan on leases leases_7  (cost=61.76..433.79 rows=248 width=32)
                                                                 Filter: ((((NULLIF(current_setting('app.org'::text, true), ''::text))::uuid IS NULL) OR management_admin() OR management_unit_granted(unit_id, organization_id)) AND ((ANY (tenant_id = (hashed SubPlan 25).col1)) OR management_owner_lease_access(id) OR (organization_id = (NULLIF(current_setting('app.org'::text, true), ''::text))::uuid) OR (COALESCE(current_setting('app.admin'::text, true), 'false'::text) = 'true'::text)))
                                                                 SubPlan 25
                                                                   ->  Seq Scan on tenants tenants_10  (cost=0.00..61.76 rows=1 width=16)
                                                                         Filter: ((user_id = (NULLIF(current_setting('app.actor'::text, true), ''::text))::uuid) AND ((user_id = (NULLIF(current_setting('app.actor'::text, true), ''::text))::uuid) OR management_admin() OR managed_tenant_visible(id)) AND ((user_id = (NULLIF(current_setting('app.actor'::text, true), ''::text))::uuid) OR (organization_id = (NULLIF(current_setting('app.org'::text, true), ''::text))::uuid) OR (COALESCE(current_setting('app.admin'::text, true), 'false'::text) = 'true'::text)))
                                                   SubPlan 28
                                                     ->  Seq Scan on leases leases_8  (cost=61.76..433.79 rows=248 width=16)
                                                           Filter: ((((NULLIF(current_setting('app.org'::text, true), ''::text))::uuid IS NULL) OR management_admin() OR management_unit_granted(unit_id, organization_id)) AND ((ANY (tenant_id = (hashed SubPlan 27).col1)) OR management_owner_lease_access(id) OR (organization_id = (NULLIF(current_setting('app.org'::text, true), ''::text))::uuid) OR (COALESCE(current_setting('app.admin'::text, true), 'false'::text) = 'true'::text)))
                                                           SubPlan 27
                                                             ->  Seq Scan on tenants tenants_12  (cost=0.00..61.76 rows=1 width=16)
                                                                   Filter: ((user_id = (NULLIF(current_setting('app.actor'::text, true), ''::text))::uuid) AND ((user_id = (NULLIF(current_setting('app.actor'::text, true), ''::text))::uuid) OR management_admin() OR managed_tenant_visible(id)) AND ((user_id = (NULLIF(current_setting('app.actor'::text, true), ''::text))::uuid) OR (organization_id = (NULLIF(current_setting('app.org'::text, true), ''::text))::uuid) OR (COALESCE(current_setting('app.admin'::text, true), 'false'::text) = 'true'::text)))
                                           SubPlan 36
                                             ->  Seq Scan on payments payments_1  (cost=1367.48..1565.88 rows=144 width=16)
                                                   Filter: ((((NULLIF(current_setting('app.org'::text, true), ''::text))::uuid IS NULL) OR management_admin() OR (ANY (lease_id = (hashed SubPlan 31).col1))) AND ((status = 'posted'::text) OR management_admin() OR management_finance_member(organization_id)) AND ((ANY (lease_id = (hashed SubPlan 33).col1)) OR (ANY (lease_id = (hashed SubPlan 35).col1)) OR (organization_id = (NULLIF(current_setting('app.org'::text, true), ''::text))::uuid) OR (COALESCE(current_setting('app.admin'::text, true), 'false'::text) = 'true'::text)))
                                                   SubPlan 31
                                                     ->  Seq Scan on leases leases_9  (cost=61.76..433.79 rows=248 width=16)
                                                           Filter: ((((NULLIF(current_setting('app.org'::text, true), ''::text))::uuid IS NULL) OR management_admin() OR management_unit_granted(unit_id, organization_id)) AND ((ANY (tenant_id = (hashed SubPlan 30).col1)) OR management_owner_lease_access(id) OR (organization_id = (NULLIF(current_setting('app.org'::text, true), ''::text))::uuid) OR (COALESCE(current_setting('app.admin'::text, true), 'false'::text) = 'true'::text)))
                                                           SubPlan 30
                                                             ->  Seq Scan on tenants tenants_13  (cost=0.00..61.76 rows=1 width=16)
                                                                   Filter: ((user_id = (NULLIF(current_setting('app.actor'::text, true), ''::text))::uuid) AND ((user_id = (NULLIF(current_setting('app.actor'::text, true), ''::text))::uuid) OR management_admin() OR managed_tenant_visible(id)) AND ((user_id = (NULLIF(current_setting('app.actor'::text, true), ''::text))::uuid) OR (organization_id = (NULLIF(current_setting('app.org'::text, true), ''::text))::uuid) OR (COALESCE(current_setting('app.admin'::text, true), 'false'::text) = 'true'::text)))
                                                   SubPlan 33
                                                     ->  Nested Loop  (cost=61.76..498.65 rows=2 width=16)
                                                           Join Filter: (leases_10.tenant_id = tenants_15.id)
                                                           ->  Seq Scan on tenants tenants_15  (cost=0.00..61.76 rows=1 width=16)
                                                                 Filter: ((user_id = (NULLIF(current_setting('app.actor'::text, true), ''::text))::uuid) AND ((user_id = (NULLIF(current_setting('app.actor'::text, true), ''::text))::uuid) OR management_admin() OR managed_tenant_visible(id)) AND ((user_id = (NULLIF(current_setting('app.actor'::text, true), ''::text))::uuid) OR (organization_id = (NULLIF(current_setting('app.org'::text, true), ''::text))::uuid) OR (COALESCE(current_setting('app.admin'::text, true), 'false'::text) = 'true'::text)))
                                                           ->  Seq Scan on leases leases_10  (cost=61.76..433.79 rows=248 width=32)
                                                                 Filter: ((((NULLIF(current_setting('app.org'::text, true), ''::text))::uuid IS NULL) OR management_admin() OR management_unit_granted(unit_id, organization_id)) AND ((ANY (tenant_id = (hashed SubPlan 32).col1)) OR management_owner_lease_access(id) OR (organization_id = (NULLIF(current_setting('app.org'::text, true), ''::text))::uuid) OR (COALESCE(current_setting('app.admin'::text, true), 'false'::text) = 'true'::text)))
                                                                 SubPlan 32
                                                                   ->  Seq Scan on tenants tenants_14  (cost=0.00..61.76 rows=1 width=16)
                                                                         Filter: ((user_id = (NULLIF(current_setting('app.actor'::text, true), ''::text))::uuid) AND ((user_id = (NULLIF(current_setting('app.actor'::text, true), ''::text))::uuid) OR management_admin() OR managed_tenant_visible(id)) AND ((user_id = (NULLIF(current_setting('app.actor'::text, true), ''::text))::uuid) OR (organization_id = (NULLIF(current_setting('app.org'::text, true), ''::text))::uuid) OR (COALESCE(current_setting('app.admin'::text, true), 'false'::text) = 'true'::text)))
                                                   SubPlan 35
                                                     ->  Seq Scan on leases leases_11  (cost=61.76..433.79 rows=248 width=16)
                                                           Filter: ((((NULLIF(current_setting('app.org'::text, true), ''::text))::uuid IS NULL) OR management_admin() OR management_unit_granted(unit_id, organization_id)) AND ((ANY (tenant_id = (hashed SubPlan 34).col1)) OR management_owner_lease_access(id) OR (organization_id = (NULLIF(current_setting('app.org'::text, true), ''::text))::uuid) OR (COALESCE(current_setting('app.admin'::text, true), 'false'::text) = 'true'::text)))
                                                           SubPlan 34
                                                             ->  Seq Scan on tenants tenants_16  (cost=0.00..61.76 rows=1 width=16)
                                                                   Filter: ((user_id = (NULLIF(current_setting('app.actor'::text, true), ''::text))::uuid) AND ((user_id = (NULLIF(current_setting('app.actor'::text, true), ''::text))::uuid) OR management_admin() OR managed_tenant_visible(id)) AND ((user_id = (NULLIF(current_setting('app.actor'::text, true), ''::text))::uuid) OR (organization_id = (NULLIF(current_setting('app.org'::text, true), ''::text))::uuid) OR (COALESCE(current_setting('app.admin'::text, true), 'false'::text) = 'true'::text)))
                                     ->  Index Scan using payments_pkey on payments p_1  (cost=1367.63..1376.44 rows=1 width=16)
                                           Index Cond: (id = a.payment_id)
                                           Filter: ((status = 'posted'::text) AND (((NULLIF(current_setting('app.org'::text, true), ''::text))::uuid IS NULL) OR management_admin() OR (ANY (lease_id = (hashed SubPlan 38).col1))) AND ((status = 'posted'::text) OR management_admin() OR management_finance_member(organization_id)) AND ((ANY (lease_id = (hashed SubPlan 40).col1)) OR (ANY (lease_id = (hashed SubPlan 42).col1)) OR (organization_id = (NULLIF(current_setting('app.org'::text, true), ''::text))::uuid) OR (COALESCE(current_setting('app.admin'::text, true), 'false'::text) = 'true'::text)) AND (COALESCE(posted_at, created_at) < '2026-10-07 00:00:00+00'::timestamp with time zone))
                                           SubPlan 38
                                             ->  Seq Scan on leases leases_12  (cost=61.76..433.79 rows=248 width=16)
                                                   Filter: ((((NULLIF(current_setting('app.org'::text, true), ''::text))::uuid IS NULL) OR management_admin() OR management_unit_granted(unit_id, organization_id)) AND ((ANY (tenant_id = (hashed SubPlan 37).col1)) OR management_owner_lease_access(id) OR (organization_id = (NULLIF(current_setting('app.org'::text, true), ''::text))::uuid) OR (COALESCE(current_setting('app.admin'::text, true), 'false'::text) = 'true'::text)))
                                                   SubPlan 37
                                                     ->  Seq Scan on tenants tenants_17  (cost=0.00..61.76 rows=1 width=16)
                                                           Filter: ((user_id = (NULLIF(current_setting('app.actor'::text, true), ''::text))::uuid) AND ((user_id = (NULLIF(current_setting('app.actor'::text, true), ''::text))::uuid) OR management_admin() OR managed_tenant_visible(id)) AND ((user_id = (NULLIF(current_setting('app.actor'::text, true), ''::text))::uuid) OR (organization_id = (NULLIF(current_setting('app.org'::text, true), ''::text))::uuid) OR (COALESCE(current_setting('app.admin'::text, true), 'false'::text) = 'true'::text)))
                                           SubPlan 40
                                             ->  Nested Loop  (cost=61.76..498.65 rows=2 width=16)
                                                   Join Filter: (leases_13.tenant_id = tenants_19.id)
                                                   ->  Seq Scan on tenants tenants_19  (cost=0.00..61.76 rows=1 width=16)
                                                         Filter: ((user_id = (NULLIF(current_setting('app.actor'::text, true), ''::text))::uuid) AND ((user_id = (NULLIF(current_setting('app.actor'::text, true), ''::text))::uuid) OR management_admin() OR managed_tenant_visible(id)) AND ((user_id = (NULLIF(current_setting('app.actor'::text, true), ''::text))::uuid) OR (organization_id = (NULLIF(current_setting('app.org'::text, true), ''::text))::uuid) OR (COALESCE(current_setting('app.admin'::text, true), 'false'::text) = 'true'::text)))
                                                   ->  Seq Scan on leases leases_13  (cost=61.76..433.79 rows=248 width=32)
                                                         Filter: ((((NULLIF(current_setting('app.org'::text, true), ''::text))::uuid IS NULL) OR management_admin() OR management_unit_granted(unit_id, organization_id)) AND ((ANY (tenant_id = (hashed SubPlan 39).col1)) OR management_owner_lease_access(id) OR (organization_id = (NULLIF(current_setting('app.org'::text, true), ''::text))::uuid) OR (COALESCE(current_setting('app.admin'::text, true), 'false'::text) = 'true'::text)))
                                                         SubPlan 39
                                                           ->  Seq Scan on tenants tenants_18  (cost=0.00..61.76 rows=1 width=16)
                                                                 Filter: ((user_id = (NULLIF(current_setting('app.actor'::text, true), ''::text))::uuid) AND ((user_id = (NULLIF(current_setting('app.actor'::text, true), ''::text))::uuid) OR management_admin() OR managed_tenant_visible(id)) AND ((user_id = (NULLIF(current_setting('app.actor'::text, true), ''::text))::uuid) OR (organization_id = (NULLIF(current_setting('app.org'::text, true), ''::text))::uuid) OR (COALESCE(current_setting('app.admin'::text, true), 'false'::text) = 'true'::text)))
                                           SubPlan 42
                                             ->  Seq Scan on leases leases_14  (cost=61.76..433.79 rows=248 width=16)
                                                   Filter: ((((NULLIF(current_setting('app.org'::text, true), ''::text))::uuid IS NULL) OR management_admin() OR management_unit_granted(unit_id, organization_id)) AND ((ANY (tenant_id = (hashed SubPlan 41).col1)) OR management_owner_lease_access(id) OR (organization_id = (NULLIF(current_setting('app.org'::text, true), ''::text))::uuid) OR (COALESCE(current_setting('app.admin'::text, true), 'false'::text) = 'true'::text)))
                                                   SubPlan 41
                                                     ->  Seq Scan on tenants tenants_20  (cost=0.00..61.76 rows=1 width=16)
                                                           Filter: ((user_id = (NULLIF(current_setting('app.actor'::text, true), ''::text))::uuid) AND ((user_id = (NULLIF(current_setting('app.actor'::text, true), ''::text))::uuid) OR management_admin() OR managed_tenant_visible(id)) AND ((user_id = (NULLIF(current_setting('app.actor'::text, true), ''::text))::uuid) OR (organization_id = (NULLIF(current_setting('app.org'::text, true), ''::text))::uuid) OR (COALESCE(current_setting('app.admin'::text, true), 'false'::text) = 'true'::text)))
                       SubPlan 50
                         ->  Aggregate  (cost=1376.09..1376.10 rows=1 width=32)
                               ->  Index Scan using charges_reverses_id_key on charges rv_1  (cost=1367.77..1376.08 rows=1 width=5)
                                     Index Cond: (reverses_id = ch_1.id)
                                     Filter: ((created_at < '2026-10-07 00:00:00+00'::timestamp with time zone) AND (status = 'posted'::text) AND (((NULLIF(current_setting('app.org'::text, true), ''::text))::uuid IS NULL) OR management_admin() OR (ANY (lease_id = (hashed SubPlan 45).col1))) AND ((ANY (lease_id = (hashed SubPlan 47).col1)) OR (ANY (lease_id = (hashed SubPlan 49).col1)) OR (organization_id = (NULLIF(current_setting('app.org'::text, true), ''::text))::uuid) OR (COALESCE(current_setting('app.admin'::text, true), 'false'::text) = 'true'::text)))
                                     SubPlan 45
                                       ->  Seq Scan on leases leases_15  (cost=61.76..433.79 rows=248 width=16)
                                             Filter: ((((NULLIF(current_setting('app.org'::text, true), ''::text))::uuid IS NULL) OR management_admin() OR management_unit_granted(unit_id, organization_id)) AND ((ANY (tenant_id = (hashed SubPlan 44).col1)) OR management_owner_lease_access(id) OR (organization_id = (NULLIF(current_setting('app.org'::text, true), ''::text))::uuid) OR (COALESCE(current_setting('app.admin'::text, true), 'false'::text) = 'true'::text)))
                                             SubPlan 44
                                               ->  Seq Scan on tenants tenants_21  (cost=0.00..61.76 rows=1 width=16)
                                                     Filter: ((user_id = (NULLIF(current_setting('app.actor'::text, true), ''::text))::uuid) AND ((user_id = (NULLIF(current_setting('app.actor'::text, true), ''::text))::uuid) OR management_admin() OR managed_tenant_visible(id)) AND ((user_id = (NULLIF(current_setting('app.actor'::text, true), ''::text))::uuid) OR (organization_id = (NULLIF(current_setting('app.org'::text, true), ''::text))::uuid) OR (COALESCE(current_setting('app.admin'::text, true), 'false'::text) = 'true'::text)))
                                     SubPlan 47
                                       ->  Nested Loop  (cost=61.76..498.65 rows=2 width=16)
                                             Join Filter: (leases_16.tenant_id = tenants_23.id)
                                             ->  Seq Scan on tenants tenants_23  (cost=0.00..61.76 rows=1 width=16)
                                                   Filter: ((user_id = (NULLIF(current_setting('app.actor'::text, true), ''::text))::uuid) AND ((user_id = (NULLIF(current_setting('app.actor'::text, true), ''::text))::uuid) OR management_admin() OR managed_tenant_visible(id)) AND ((user_id = (NULLIF(current_setting('app.actor'::text, true), ''::text))::uuid) OR (organization_id = (NULLIF(current_setting('app.org'::text, true), ''::text))::uuid) OR (COALESCE(current_setting('app.admin'::text, true), 'false'::text) = 'true'::text)))
                                             ->  Seq Scan on leases leases_16  (cost=61.76..433.79 rows=248 width=32)
                                                   Filter: ((((NULLIF(current_setting('app.org'::text, true), ''::text))::uuid IS NULL) OR management_admin() OR management_unit_granted(unit_id, organization_id)) AND ((ANY (tenant_id = (hashed SubPlan 46).col1)) OR management_owner_lease_access(id) OR (organization_id = (NULLIF(current_setting('app.org'::text, true), ''::text))::uuid) OR (COALESCE(current_setting('app.admin'::text, true), 'false'::text) = 'true'::text)))
                                                   SubPlan 46
                                                     ->  Seq Scan on tenants tenants_22  (cost=0.00..61.76 rows=1 width=16)
                                                           Filter: ((user_id = (NULLIF(current_setting('app.actor'::text, true), ''::text))::uuid) AND ((user_id = (NULLIF(current_setting('app.actor'::text, true), ''::text))::uuid) OR management_admin() OR managed_tenant_visible(id)) AND ((user_id = (NULLIF(current_setting('app.actor'::text, true), ''::text))::uuid) OR (organization_id = (NULLIF(current_setting('app.org'::text, true), ''::text))::uuid) OR (COALESCE(current_setting('app.admin'::text, true), 'false'::text) = 'true'::text)))
                                     SubPlan 49
                                       ->  Seq Scan on leases leases_17  (cost=61.76..433.79 rows=248 width=16)
                                             Filter: ((((NULLIF(current_setting('app.org'::text, true), ''::text))::uuid IS NULL) OR management_admin() OR management_unit_granted(unit_id, organization_id)) AND ((ANY (tenant_id = (hashed SubPlan 48).col1)) OR management_owner_lease_access(id) OR (organization_id = (NULLIF(current_setting('app.org'::text, true), ''::text))::uuid) OR (COALESCE(current_setting('app.admin'::text, true), 'false'::text) = 'true'::text)))
                                             SubPlan 48
                                               ->  Seq Scan on tenants tenants_24  (cost=0.00..61.76 rows=1 width=16)
                                                     Filter: ((user_id = (NULLIF(current_setting('app.actor'::text, true), ''::text))::uuid) AND ((user_id = (NULLIF(current_setting('app.actor'::text, true), ''::text))::uuid) OR management_admin() OR managed_tenant_visible(id)) AND ((user_id = (NULLIF(current_setting('app.actor'::text, true), ''::text))::uuid) OR (organization_id = (NULLIF(current_setting('app.org'::text, true), ''::text))::uuid) OR (COALESCE(current_setting('app.admin'::text, true), 'false'::text) = 'true'::text)))
                       SubPlan 71
                         ->  Aggregate  (cost=4531.11..4531.12 rows=1 width=32)
                               ->  Nested Loop  (cost=4500.11..4531.11 rows=1 width=6)
                                     ->  Seq Scan on allocations a_1  (cost=3132.49..3154.29 rows=1 width=22)
                                           Filter: ((created_at < '2026-10-07 00:00:00+00'::timestamp with time zone) AND ((reversed_at IS NULL) OR (reversed_at >= '2026-10-07 00:00:00+00'::timestamp with time zone)) AND (charge_id = ch_1.id) AND (((NULLIF(current_setting('app.org'::text, true), ''::text))::uuid IS NULL) OR management_admin() OR (ANY (payment_id = (hashed SubPlan 57).col1))) AND ((ANY (payment_id = (hashed SubPlan 64).col1)) OR (organization_id = (NULLIF(current_setting('app.org'::text, true), ''::text))::uuid) OR (COALESCE(current_setting('app.admin'::text, true), 'false'::text) = 'true'::text)))
                                           SubPlan 57
                                             ->  Seq Scan on payments payments_2  (cost=1367.48..1565.88 rows=144 width=16)
                                                   Filter: ((((NULLIF(current_setting('app.org'::text, true), ''::text))::uuid IS NULL) OR management_admin() OR (ANY (lease_id = (hashed SubPlan 52).col1))) AND ((status = 'posted'::text) OR management_admin() OR management_finance_member(organization_id)) AND ((ANY (lease_id = (hashed SubPlan 54).col1)) OR (ANY (lease_id = (hashed SubPlan 56).col1)) OR (organization_id = (NULLIF(current_setting('app.org'::text, true), ''::text))::uuid) OR (COALESCE(current_setting('app.admin'::text, true), 'false'::text) = 'true'::text)))
                                                   SubPlan 52
                                                     ->  Seq Scan on leases leases_18  (cost=61.76..433.79 rows=248 width=16)
                                                           Filter: ((((NULLIF(current_setting('app.org'::text, true), ''::text))::uuid IS NULL) OR management_admin() OR management_unit_granted(unit_id, organization_id)) AND ((ANY (tenant_id = (hashed SubPlan 51).col1)) OR management_owner_lease_access(id) OR (organization_id = (NULLIF(current_setting('app.org'::text, true), ''::text))::uuid) OR (COALESCE(current_setting('app.admin'::text, true), 'false'::text) = 'true'::text)))
                                                           SubPlan 51
                                                             ->  Seq Scan on tenants tenants_25  (cost=0.00..61.76 rows=1 width=16)
                                                                   Filter: ((user_id = (NULLIF(current_setting('app.actor'::text, true), ''::text))::uuid) AND ((user_id = (NULLIF(current_setting('app.actor'::text, true), ''::text))::uuid) OR management_admin() OR managed_tenant_visible(id)) AND ((user_id = (NULLIF(current_setting('app.actor'::text, true), ''::text))::uuid) OR (organization_id = (NULLIF(current_setting('app.org'::text, true), ''::text))::uuid) OR (COALESCE(current_setting('app.admin'::text, true), 'false'::text) = 'true'::text)))
                                                   SubPlan 54
                                                     ->  Nested Loop  (cost=61.76..498.65 rows=2 width=16)
                                                           Join Filter: (leases_19.tenant_id = tenants_27.id)
                                                           ->  Seq Scan on tenants tenants_27  (cost=0.00..61.76 rows=1 width=16)
                                                                 Filter: ((user_id = (NULLIF(current_setting('app.actor'::text, true), ''::text))::uuid) AND ((user_id = (NULLIF(current_setting('app.actor'::text, true), ''::text))::uuid) OR management_admin() OR managed_tenant_visible(id)) AND ((user_id = (NULLIF(current_setting('app.actor'::text, true), ''::text))::uuid) OR (organization_id = (NULLIF(current_setting('app.org'::text, true), ''::text))::uuid) OR (COALESCE(current_setting('app.admin'::text, true), 'false'::text) = 'true'::text)))
                                                           ->  Seq Scan on leases leases_19  (cost=61.76..433.79 rows=248 width=32)
                                                                 Filter: ((((NULLIF(current_setting('app.org'::text, true), ''::text))::uuid IS NULL) OR management_admin() OR management_unit_granted(unit_id, organization_id)) AND ((ANY (tenant_id = (hashed SubPlan 53).col1)) OR management_owner_lease_access(id) OR (organization_id = (NULLIF(current_setting('app.org'::text, true), ''::text))::uuid) OR (COALESCE(current_setting('app.admin'::text, true), 'false'::text) = 'true'::text)))
                                                                 SubPlan 53
                                                                   ->  Seq Scan on tenants tenants_26  (cost=0.00..61.76 rows=1 width=16)
                                                                         Filter: ((user_id = (NULLIF(current_setting('app.actor'::text, true), ''::text))::uuid) AND ((user_id = (NULLIF(current_setting('app.actor'::text, true), ''::text))::uuid) OR management_admin() OR managed_tenant_visible(id)) AND ((user_id = (NULLIF(current_setting('app.actor'::text, true), ''::text))::uuid) OR (organization_id = (NULLIF(current_setting('app.org'::text, true), ''::text))::uuid) OR (COALESCE(current_setting('app.admin'::text, true), 'false'::text) = 'true'::text)))
                                                   SubPlan 56
                                                     ->  Seq Scan on leases leases_20  (cost=61.76..433.79 rows=248 width=16)
                                                           Filter: ((((NULLIF(current_setting('app.org'::text, true), ''::text))::uuid IS NULL) OR management_admin() OR management_unit_granted(unit_id, organization_id)) AND ((ANY (tenant_id = (hashed SubPlan 55).col1)) OR management_owner_lease_access(id) OR (organization_id = (NULLIF(current_setting('app.org'::text, true), ''::text))::uuid) OR (COALESCE(current_setting('app.admin'::text, true), 'false'::text) = 'true'::text)))
                                                           SubPlan 55
                                                             ->  Seq Scan on tenants tenants_28  (cost=0.00..61.76 rows=1 width=16)
                                                                   Filter: ((user_id = (NULLIF(current_setting('app.actor'::text, true), ''::text))::uuid) AND ((user_id = (NULLIF(current_setting('app.actor'::text, true), ''::text))::uuid) OR management_admin() OR managed_tenant_visible(id)) AND ((user_id = (NULLIF(current_setting('app.actor'::text, true), ''::text))::uuid) OR (organization_id = (NULLIF(current_setting('app.org'::text, true), ''::text))::uuid) OR (COALESCE(current_setting('app.admin'::text, true), 'false'::text) = 'true'::text)))
                                           SubPlan 64
                                             ->  Seq Scan on payments payments_3  (cost=1367.48..1565.88 rows=144 width=16)
                                                   Filter: ((((NULLIF(current_setting('app.org'::text, true), ''::text))::uuid IS NULL) OR management_admin() OR (ANY (lease_id = (hashed SubPlan 59).col1))) AND ((status = 'posted'::text) OR management_admin() OR management_finance_member(organization_id)) AND ((ANY (lease_id = (hashed SubPlan 61).col1)) OR (ANY (lease_id = (hashed SubPlan 63).col1)) OR (organization_id = (NULLIF(current_setting('app.org'::text, true), ''::text))::uuid) OR (COALESCE(current_setting('app.admin'::text, true), 'false'::text) = 'true'::text)))
                                                   SubPlan 59
                                                     ->  Seq Scan on leases leases_21  (cost=61.76..433.79 rows=248 width=16)
                                                           Filter: ((((NULLIF(current_setting('app.org'::text, true), ''::text))::uuid IS NULL) OR management_admin() OR management_unit_granted(unit_id, organization_id)) AND ((ANY (tenant_id = (hashed SubPlan 58).col1)) OR management_owner_lease_access(id) OR (organization_id = (NULLIF(current_setting('app.org'::text, true), ''::text))::uuid) OR (COALESCE(current_setting('app.admin'::text, true), 'false'::text) = 'true'::text)))
                                                           SubPlan 58
                                                             ->  Seq Scan on tenants tenants_29  (cost=0.00..61.76 rows=1 width=16)
                                                                   Filter: ((user_id = (NULLIF(current_setting('app.actor'::text, true), ''::text))::uuid) AND ((user_id = (NULLIF(current_setting('app.actor'::text, true), ''::text))::uuid) OR management_admin() OR managed_tenant_visible(id)) AND ((user_id = (NULLIF(current_setting('app.actor'::text, true), ''::text))::uuid) OR (organization_id = (NULLIF(current_setting('app.org'::text, true), ''::text))::uuid) OR (COALESCE(current_setting('app.admin'::text, true), 'false'::text) = 'true'::text)))
                                                   SubPlan 61
                                                     ->  Nested Loop  (cost=61.76..498.65 rows=2 width=16)
                                                           Join Filter: (leases_22.tenant_id = tenants_31.id)
                                                           ->  Seq Scan on tenants tenants_31  (cost=0.00..61.76 rows=1 width=16)
                                                                 Filter: ((user_id = (NULLIF(current_setting('app.actor'::text, true), ''::text))::uuid) AND ((user_id = (NULLIF(current_setting('app.actor'::text, true), ''::text))::uuid) OR management_admin() OR managed_tenant_visible(id)) AND ((user_id = (NULLIF(current_setting('app.actor'::text, true), ''::text))::uuid) OR (organization_id = (NULLIF(current_setting('app.org'::text, true), ''::text))::uuid) OR (COALESCE(current_setting('app.admin'::text, true), 'false'::text) = 'true'::text)))
                                                           ->  Seq Scan on leases leases_22  (cost=61.76..433.79 rows=248 width=32)
                                                                 Filter: ((((NULLIF(current_setting('app.org'::text, true), ''::text))::uuid IS NULL) OR management_admin() OR management_unit_granted(unit_id, organization_id)) AND ((ANY (tenant_id = (hashed SubPlan 60).col1)) OR management_owner_lease_access(id) OR (organization_id = (NULLIF(current_setting('app.org'::text, true), ''::text))::uuid) OR (COALESCE(current_setting('app.admin'::text, true), 'false'::text) = 'true'::text)))
                                                                 SubPlan 60
                                                                   ->  Seq Scan on tenants tenants_30  (cost=0.00..61.76 rows=1 width=16)
                                                                         Filter: ((user_id = (NULLIF(current_setting('app.actor'::text, true), ''::text))::uuid) AND ((user_id = (NULLIF(current_setting('app.actor'::text, true), ''::text))::uuid) OR management_admin() OR managed_tenant_visible(id)) AND ((user_id = (NULLIF(current_setting('app.actor'::text, true), ''::text))::uuid) OR (organization_id = (NULLIF(current_setting('app.org'::text, true), ''::text))::uuid) OR (COALESCE(current_setting('app.admin'::text, true), 'false'::text) = 'true'::text)))
                                                   SubPlan 63
                                                     ->  Seq Scan on leases leases_23  (cost=61.76..433.79 rows=248 width=16)
                                                           Filter: ((((NULLIF(current_setting('app.org'::text, true), ''::text))::uuid IS NULL) OR management_admin() OR management_unit_granted(unit_id, organization_id)) AND ((ANY (tenant_id = (hashed SubPlan 62).col1)) OR management_owner_lease_access(id) OR (organization_id = (NULLIF(current_setting('app.org'::text, true), ''::text))::uuid) OR (COALESCE(current_setting('app.admin'::text, true), 'false'::text) = 'true'::text)))
                                                           SubPlan 62
                                                             ->  Seq Scan on tenants tenants_32  (cost=0.00..61.76 rows=1 width=16)
                                                                   Filter: ((user_id = (NULLIF(current_setting('app.actor'::text, true), ''::text))::uuid) AND ((user_id = (NULLIF(current_setting('app.actor'::text, true), ''::text))::uuid) OR management_admin() OR managed_tenant_visible(id)) AND ((user_id = (NULLIF(current_setting('app.actor'::text, true), ''::text))::uuid) OR (organization_id = (NULLIF(current_setting('app.org'::text, true), ''::text))::uuid) OR (COALESCE(current_setting('app.admin'::text, true), 'false'::text) = 'true'::text)))
                                     ->  Index Scan using payments_pkey on payments p_2  (cost=1367.63..1376.44 rows=1 width=16)
                                           Index Cond: (id = a_1.payment_id)
                                           Filter: ((status = 'posted'::text) AND (((NULLIF(current_setting('app.org'::text, true), ''::text))::uuid IS NULL) OR management_admin() OR (ANY (lease_id = (hashed SubPlan 66).col1))) AND ((status = 'posted'::text) OR management_admin() OR management_finance_member(organization_id)) AND ((ANY (lease_id = (hashed SubPlan 68).col1)) OR (ANY (lease_id = (hashed SubPlan 70).col1)) OR (organization_id = (NULLIF(current_setting('app.org'::text, true), ''::text))::uuid) OR (COALESCE(current_setting('app.admin'::text, true), 'false'::text) = 'true'::text)) AND (COALESCE(posted_at, created_at) < '2026-10-07 00:00:00+00'::timestamp with time zone))
                                           SubPlan 66
                                             ->  Seq Scan on leases leases_24  (cost=61.76..433.79 rows=248 width=16)
                                                   Filter: ((((NULLIF(current_setting('app.org'::text, true), ''::text))::uuid IS NULL) OR management_admin() OR management_unit_granted(unit_id, organization_id)) AND ((ANY (tenant_id = (hashed SubPlan 65).col1)) OR management_owner_lease_access(id) OR (organization_id = (NULLIF(current_setting('app.org'::text, true), ''::text))::uuid) OR (COALESCE(current_setting('app.admin'::text, true), 'false'::text) = 'true'::text)))
                                                   SubPlan 65
                                                     ->  Seq Scan on tenants tenants_33  (cost=0.00..61.76 rows=1 width=16)
                                                           Filter: ((user_id = (NULLIF(current_setting('app.actor'::text, true), ''::text))::uuid) AND ((user_id = (NULLIF(current_setting('app.actor'::text, true), ''::text))::uuid) OR management_admin() OR managed_tenant_visible(id)) AND ((user_id = (NULLIF(current_setting('app.actor'::text, true), ''::text))::uuid) OR (organization_id = (NULLIF(current_setting('app.org'::text, true), ''::text))::uuid) OR (COALESCE(current_setting('app.admin'::text, true), 'false'::text) = 'true'::text)))
                                           SubPlan 68
                                             ->  Nested Loop  (cost=61.76..498.65 rows=2 width=16)
                                                   Join Filter: (leases_25.tenant_id = tenants_35.id)
                                                   ->  Seq Scan on tenants tenants_35  (cost=0.00..61.76 rows=1 width=16)
                                                         Filter: ((user_id = (NULLIF(current_setting('app.actor'::text, true), ''::text))::uuid) AND ((user_id = (NULLIF(current_setting('app.actor'::text, true), ''::text))::uuid) OR management_admin() OR managed_tenant_visible(id)) AND ((user_id = (NULLIF(current_setting('app.actor'::text, true), ''::text))::uuid) OR (organization_id = (NULLIF(current_setting('app.org'::text, true), ''::text))::uuid) OR (COALESCE(current_setting('app.admin'::text, true), 'false'::text) = 'true'::text)))
                                                   ->  Seq Scan on leases leases_25  (cost=61.76..433.79 rows=248 width=32)
                                                         Filter: ((((NULLIF(current_setting('app.org'::text, true), ''::text))::uuid IS NULL) OR management_admin() OR management_unit_granted(unit_id, organization_id)) AND ((ANY (tenant_id = (hashed SubPlan 67).col1)) OR management_owner_lease_access(id) OR (organization_id = (NULLIF(current_setting('app.org'::text, true), ''::text))::uuid) OR (COALESCE(current_setting('app.admin'::text, true), 'false'::text) = 'true'::text)))
                                                         SubPlan 67
                                                           ->  Seq Scan on tenants tenants_34  (cost=0.00..61.76 rows=1 width=16)
                                                                 Filter: ((user_id = (NULLIF(current_setting('app.actor'::text, true), ''::text))::uuid) AND ((user_id = (NULLIF(current_setting('app.actor'::text, true), ''::text))::uuid) OR management_admin() OR managed_tenant_visible(id)) AND ((user_id = (NULLIF(current_setting('app.actor'::text, true), ''::text))::uuid) OR (organization_id = (NULLIF(current_setting('app.org'::text, true), ''::text))::uuid) OR (COALESCE(current_setting('app.admin'::text, true), 'false'::text) = 'true'::text)))
                                           SubPlan 70
                                             ->  Seq Scan on leases leases_26  (cost=61.76..433.79 rows=248 width=16)
                                                   Filter: ((((NULLIF(current_setting('app.org'::text, true), ''::text))::uuid IS NULL) OR management_admin() OR management_unit_granted(unit_id, organization_id)) AND ((ANY (tenant_id = (hashed SubPlan 69).col1)) OR management_owner_lease_access(id) OR (organization_id = (NULLIF(current_setting('app.org'::text, true), ''::text))::uuid) OR (COALESCE(current_setting('app.admin'::text, true), 'false'::text) = 'true'::text)))
                                                   SubPlan 69
                                                     ->  Seq Scan on tenants tenants_36  (cost=0.00..61.76 rows=1 width=16)
                                                           Filter: ((user_id = (NULLIF(current_setting('app.actor'::text, true), ''::text))::uuid) AND ((user_id = (NULLIF(current_setting('app.actor'::text, true), ''::text))::uuid) OR management_admin() OR managed_tenant_visible(id)) AND ((user_id = (NULLIF(current_setting('app.actor'::text, true), ''::text))::uuid) OR (organization_id = (NULLIF(current_setting('app.org'::text, true), ''::text))::uuid) OR (COALESCE(current_setting('app.admin'::text, true), 'false'::text) = 'true'::text)))
                       SubPlan 78
                         ->  Aggregate  (cost=1376.09..1376.10 rows=1 width=32)
                               ->  Index Scan using charges_reverses_id_key on charges rv_2  (cost=1367.77..1376.08 rows=1 width=5)
                                     Index Cond: (reverses_id = ch_1.id)
                                     Filter: ((created_at < '2026-10-07 00:00:00+00'::timestamp with time zone) AND (status = 'posted'::text) AND (((NULLIF(current_setting('app.org'::text, true), ''::text))::uuid IS NULL) OR management_admin() OR (ANY (lease_id = (hashed SubPlan 73).col1))) AND ((ANY (lease_id = (hashed SubPlan 75).col1)) OR (ANY (lease_id = (hashed SubPlan 77).col1)) OR (organization_id = (NULLIF(current_setting('app.org'::text, true), ''::text))::uuid) OR (COALESCE(current_setting('app.admin'::text, true), 'false'::text) = 'true'::text)))
                                     SubPlan 73
                                       ->  Seq Scan on leases leases_27  (cost=61.76..433.79 rows=248 width=16)
                                             Filter: ((((NULLIF(current_setting('app.org'::text, true), ''::text))::uuid IS NULL) OR management_admin() OR management_unit_granted(unit_id, organization_id)) AND ((ANY (tenant_id = (hashed SubPlan 72).col1)) OR management_owner_lease_access(id) OR (organization_id = (NULLIF(current_setting('app.org'::text, true), ''::text))::uuid) OR (COALESCE(current_setting('app.admin'::text, true), 'false'::text) = 'true'::text)))
                                             SubPlan 72
                                               ->  Seq Scan on tenants tenants_37  (cost=0.00..61.76 rows=1 width=16)
                                                     Filter: ((user_id = (NULLIF(current_setting('app.actor'::text, true), ''::text))::uuid) AND ((user_id = (NULLIF(current_setting('app.actor'::text, true), ''::text))::uuid) OR management_admin() OR managed_tenant_visible(id)) AND ((user_id = (NULLIF(current_setting('app.actor'::text, true), ''::text))::uuid) OR (organization_id = (NULLIF(current_setting('app.org'::text, true), ''::text))::uuid) OR (COALESCE(current_setting('app.admin'::text, true), 'false'::text) = 'true'::text)))
                                     SubPlan 75
                                       ->  Nested Loop  (cost=61.76..498.65 rows=2 width=16)
                                             Join Filter: (leases_28.tenant_id = tenants_39.id)
                                             ->  Seq Scan on tenants tenants_39  (cost=0.00..61.76 rows=1 width=16)
                                                   Filter: ((user_id = (NULLIF(current_setting('app.actor'::text, true), ''::text))::uuid) AND ((user_id = (NULLIF(current_setting('app.actor'::text, true), ''::text))::uuid) OR management_admin() OR managed_tenant_visible(id)) AND ((user_id = (NULLIF(current_setting('app.actor'::text, true), ''::text))::uuid) OR (organization_id = (NULLIF(current_setting('app.org'::text, true), ''::text))::uuid) OR (COALESCE(current_setting('app.admin'::text, true), 'false'::text) = 'true'::text)))
                                             ->  Seq Scan on leases leases_28  (cost=61.76..433.79 rows=248 width=32)
                                                   Filter: ((((NULLIF(current_setting('app.org'::text, true), ''::text))::uuid IS NULL) OR management_admin() OR management_unit_granted(unit_id, organization_id)) AND ((ANY (tenant_id = (hashed SubPlan 74).col1)) OR management_owner_lease_access(id) OR (organization_id = (NULLIF(current_setting('app.org'::text, true), ''::text))::uuid) OR (COALESCE(current_setting('app.admin'::text, true), 'false'::text) = 'true'::text)))
                                                   SubPlan 74
                                                     ->  Seq Scan on tenants tenants_38  (cost=0.00..61.76 rows=1 width=16)
                                                           Filter: ((user_id = (NULLIF(current_setting('app.actor'::text, true), ''::text))::uuid) AND ((user_id = (NULLIF(current_setting('app.actor'::text, true), ''::text))::uuid) OR management_admin() OR managed_tenant_visible(id)) AND ((user_id = (NULLIF(current_setting('app.actor'::text, true), ''::text))::uuid) OR (organization_id = (NULLIF(current_setting('app.org'::text, true), ''::text))::uuid) OR (COALESCE(current_setting('app.admin'::text, true), 'false'::text) = 'true'::text)))
                                     SubPlan 77
                                       ->  Seq Scan on leases leases_29  (cost=61.76..433.79 rows=248 width=16)
                                             Filter: ((((NULLIF(current_setting('app.org'::text, true), ''::text))::uuid IS NULL) OR management_admin() OR management_unit_granted(unit_id, organization_id)) AND ((ANY (tenant_id = (hashed SubPlan 76).col1)) OR management_owner_lease_access(id) OR (organization_id = (NULLIF(current_setting('app.org'::text, true), ''::text))::uuid) OR (COALESCE(current_setting('app.admin'::text, true), 'false'::text) = 'true'::text)))
                                             SubPlan 76
                                               ->  Seq Scan on tenants tenants_40  (cost=0.00..61.76 rows=1 width=16)
                                                     Filter: ((user_id = (NULLIF(current_setting('app.actor'::text, true), ''::text))::uuid) AND ((user_id = (NULLIF(current_setting('app.actor'::text, true), ''::text))::uuid) OR management_admin() OR managed_tenant_visible(id)) AND ((user_id = (NULLIF(current_setting('app.actor'::text, true), ''::text))::uuid) OR (organization_id = (NULLIF(current_setting('app.org'::text, true), ''::text))::uuid) OR (COALESCE(current_setting('app.admin'::text, true), 'false'::text) = 'true'::text)))
                       SubPlan 99
                         ->  Aggregate  (cost=4531.11..4531.12 rows=1 width=32)
                               ->  Nested Loop  (cost=4500.11..4531.11 rows=1 width=6)
                                     ->  Seq Scan on allocations a_2  (cost=3132.49..3154.29 rows=1 width=22)
                                           Filter: ((created_at < '2026-10-07 00:00:00+00'::timestamp with time zone) AND ((reversed_at IS NULL) OR (reversed_at >= '2026-10-07 00:00:00+00'::timestamp with time zone)) AND (charge_id = ch_1.id) AND (((NULLIF(current_setting('app.org'::text, true), ''::text))::uuid IS NULL) OR management_admin() OR (ANY (payment_id = (hashed SubPlan 85).col1))) AND ((ANY (payment_id = (hashed SubPlan 92).col1)) OR (organization_id = (NULLIF(current_setting('app.org'::text, true), ''::text))::uuid) OR (COALESCE(current_setting('app.admin'::text, true), 'false'::text) = 'true'::text)))
                                           SubPlan 85
                                             ->  Seq Scan on payments payments_4  (cost=1367.48..1565.88 rows=144 width=16)
                                                   Filter: ((((NULLIF(current_setting('app.org'::text, true), ''::text))::uuid IS NULL) OR management_admin() OR (ANY (lease_id = (hashed SubPlan 80).col1))) AND ((status = 'posted'::text) OR management_admin() OR management_finance_member(organization_id)) AND ((ANY (lease_id = (hashed SubPlan 82).col1)) OR (ANY (lease_id = (hashed SubPlan 84).col1)) OR (organization_id = (NULLIF(current_setting('app.org'::text, true), ''::text))::uuid) OR (COALESCE(current_setting('app.admin'::text, true), 'false'::text) = 'true'::text)))
                                                   SubPlan 80
                                                     ->  Seq Scan on leases leases_30  (cost=61.76..433.79 rows=248 width=16)
                                                           Filter: ((((NULLIF(current_setting('app.org'::text, true), ''::text))::uuid IS NULL) OR management_admin() OR management_unit_granted(unit_id, organization_id)) AND ((ANY (tenant_id = (hashed SubPlan 79).col1)) OR management_owner_lease_access(id) OR (organization_id = (NULLIF(current_setting('app.org'::text, true), ''::text))::uuid) OR (COALESCE(current_setting('app.admin'::text, true), 'false'::text) = 'true'::text)))
                                                           SubPlan 79
                                                             ->  Seq Scan on tenants tenants_41  (cost=0.00..61.76 rows=1 width=16)
                                                                   Filter: ((user_id = (NULLIF(current_setting('app.actor'::text, true), ''::text))::uuid) AND ((user_id = (NULLIF(current_setting('app.actor'::text, true), ''::text))::uuid) OR management_admin() OR managed_tenant_visible(id)) AND ((user_id = (NULLIF(current_setting('app.actor'::text, true), ''::text))::uuid) OR (organization_id = (NULLIF(current_setting('app.org'::text, true), ''::text))::uuid) OR (COALESCE(current_setting('app.admin'::text, true), 'false'::text) = 'true'::text)))
                                                   SubPlan 82
                                                     ->  Nested Loop  (cost=61.76..498.65 rows=2 width=16)
                                                           Join Filter: (leases_31.tenant_id = tenants_43.id)
                                                           ->  Seq Scan on tenants tenants_43  (cost=0.00..61.76 rows=1 width=16)
                                                                 Filter: ((user_id = (NULLIF(current_setting('app.actor'::text, true), ''::text))::uuid) AND ((user_id = (NULLIF(current_setting('app.actor'::text, true), ''::text))::uuid) OR management_admin() OR managed_tenant_visible(id)) AND ((user_id = (NULLIF(current_setting('app.actor'::text, true), ''::text))::uuid) OR (organization_id = (NULLIF(current_setting('app.org'::text, true), ''::text))::uuid) OR (COALESCE(current_setting('app.admin'::text, true), 'false'::text) = 'true'::text)))
                                                           ->  Seq Scan on leases leases_31  (cost=61.76..433.79 rows=248 width=32)
                                                                 Filter: ((((NULLIF(current_setting('app.org'::text, true), ''::text))::uuid IS NULL) OR management_admin() OR management_unit_granted(unit_id, organization_id)) AND ((ANY (tenant_id = (hashed SubPlan 81).col1)) OR management_owner_lease_access(id) OR (organization_id = (NULLIF(current_setting('app.org'::text, true), ''::text))::uuid) OR (COALESCE(current_setting('app.admin'::text, true), 'false'::text) = 'true'::text)))
                                                                 SubPlan 81
                                                                   ->  Seq Scan on tenants tenants_42  (cost=0.00..61.76 rows=1 width=16)
                                                                         Filter: ((user_id = (NULLIF(current_setting('app.actor'::text, true), ''::text))::uuid) AND ((user_id = (NULLIF(current_setting('app.actor'::text, true), ''::text))::uuid) OR management_admin() OR managed_tenant_visible(id)) AND ((user_id = (NULLIF(current_setting('app.actor'::text, true), ''::text))::uuid) OR (organization_id = (NULLIF(current_setting('app.org'::text, true), ''::text))::uuid) OR (COALESCE(current_setting('app.admin'::text, true), 'false'::text) = 'true'::text)))
                                                   SubPlan 84
                                                     ->  Seq Scan on leases leases_32  (cost=61.76..433.79 rows=248 width=16)
                                                           Filter: ((((NULLIF(current_setting('app.org'::text, true), ''::text))::uuid IS NULL) OR management_admin() OR management_unit_granted(unit_id, organization_id)) AND ((ANY (tenant_id = (hashed SubPlan 83).col1)) OR management_owner_lease_access(id) OR (organization_id = (NULLIF(current_setting('app.org'::text, true), ''::text))::uuid) OR (COALESCE(current_setting('app.admin'::text, true), 'false'::text) = 'true'::text)))
                                                           SubPlan 83
                                                             ->  Seq Scan on tenants tenants_44  (cost=0.00..61.76 rows=1 width=16)
                                                                   Filter: ((user_id = (NULLIF(current_setting('app.actor'::text, true), ''::text))::uuid) AND ((user_id = (NULLIF(current_setting('app.actor'::text, true), ''::text))::uuid) OR management_admin() OR managed_tenant_visible(id)) AND ((user_id = (NULLIF(current_setting('app.actor'::text, true), ''::text))::uuid) OR (organization_id = (NULLIF(current_setting('app.org'::text, true), ''::text))::uuid) OR (COALESCE(current_setting('app.admin'::text, true), 'false'::text) = 'true'::text)))
                                           SubPlan 92
                                             ->  Seq Scan on payments payments_5  (cost=1367.48..1565.88 rows=144 width=16)
                                                   Filter: ((((NULLIF(current_setting('app.org'::text, true), ''::text))::uuid IS NULL) OR management_admin() OR (ANY (lease_id = (hashed SubPlan 87).col1))) AND ((status = 'posted'::text) OR management_admin() OR management_finance_member(organization_id)) AND ((ANY (lease_id = (hashed SubPlan 89).col1)) OR (ANY (lease_id = (hashed SubPlan 91).col1)) OR (organization_id = (NULLIF(current_setting('app.org'::text, true), ''::text))::uuid) OR (COALESCE(current_setting('app.admin'::text, true), 'false'::text) = 'true'::text)))
                                                   SubPlan 87
                                                     ->  Seq Scan on leases leases_33  (cost=61.76..433.79 rows=248 width=16)
                                                           Filter: ((((NULLIF(current_setting('app.org'::text, true), ''::text))::uuid IS NULL) OR management_admin() OR management_unit_granted(unit_id, organization_id)) AND ((ANY (tenant_id = (hashed SubPlan 86).col1)) OR management_owner_lease_access(id) OR (organization_id = (NULLIF(current_setting('app.org'::text, true), ''::text))::uuid) OR (COALESCE(current_setting('app.admin'::text, true), 'false'::text) = 'true'::text)))
                                                           SubPlan 86
                                                             ->  Seq Scan on tenants tenants_45  (cost=0.00..61.76 rows=1 width=16)
                                                                   Filter: ((user_id = (NULLIF(current_setting('app.actor'::text, true), ''::text))::uuid) AND ((user_id = (NULLIF(current_setting('app.actor'::text, true), ''::text))::uuid) OR management_admin() OR managed_tenant_visible(id)) AND ((user_id = (NULLIF(current_setting('app.actor'::text, true), ''::text))::uuid) OR (organization_id = (NULLIF(current_setting('app.org'::text, true), ''::text))::uuid) OR (COALESCE(current_setting('app.admin'::text, true), 'false'::text) = 'true'::text)))
                                                   SubPlan 89
                                                     ->  Nested Loop  (cost=61.76..498.65 rows=2 width=16)
                                                           Join Filter: (leases_34.tenant_id = tenants_47.id)
                                                           ->  Seq Scan on tenants tenants_47  (cost=0.00..61.76 rows=1 width=16)
                                                                 Filter: ((user_id = (NULLIF(current_setting('app.actor'::text, true), ''::text))::uuid) AND ((user_id = (NULLIF(current_setting('app.actor'::text, true), ''::text))::uuid) OR management_admin() OR managed_tenant_visible(id)) AND ((user_id = (NULLIF(current_setting('app.actor'::text, true), ''::text))::uuid) OR (organization_id = (NULLIF(current_setting('app.org'::text, true), ''::text))::uuid) OR (COALESCE(current_setting('app.admin'::text, true), 'false'::text) = 'true'::text)))
                                                           ->  Seq Scan on leases leases_34  (cost=61.76..433.79 rows=248 width=32)
                                                                 Filter: ((((NULLIF(current_setting('app.org'::text, true), ''::text))::uuid IS NULL) OR management_admin() OR management_unit_granted(unit_id, organization_id)) AND ((ANY (tenant_id = (hashed SubPlan 88).col1)) OR management_owner_lease_access(id) OR (organization_id = (NULLIF(current_setting('app.org'::text, true), ''::text))::uuid) OR (COALESCE(current_setting('app.admin'::text, true), 'false'::text) = 'true'::text)))
                                                                 SubPlan 88
                                                                   ->  Seq Scan on tenants tenants_46  (cost=0.00..61.76 rows=1 width=16)
                                                                         Filter: ((user_id = (NULLIF(current_setting('app.actor'::text, true), ''::text))::uuid) AND ((user_id = (NULLIF(current_setting('app.actor'::text, true), ''::text))::uuid) OR management_admin() OR managed_tenant_visible(id)) AND ((user_id = (NULLIF(current_setting('app.actor'::text, true), ''::text))::uuid) OR (organization_id = (NULLIF(current_setting('app.org'::text, true), ''::text))::uuid) OR (COALESCE(current_setting('app.admin'::text, true), 'false'::text) = 'true'::text)))
                                                   SubPlan 91
                                                     ->  Seq Scan on leases leases_35  (cost=61.76..433.79 rows=248 width=16)
                                                           Filter: ((((NULLIF(current_setting('app.org'::text, true), ''::text))::uuid IS NULL) OR management_admin() OR management_unit_granted(unit_id, organization_id)) AND ((ANY (tenant_id = (hashed SubPlan 90).col1)) OR management_owner_lease_access(id) OR (organization_id = (NULLIF(current_setting('app.org'::text, true), ''::text))::uuid) OR (COALESCE(current_setting('app.admin'::text, true), 'false'::text) = 'true'::text)))
                                                           SubPlan 90
                                                             ->  Seq Scan on tenants tenants_48  (cost=0.00..61.76 rows=1 width=16)
                                                                   Filter: ((user_id = (NULLIF(current_setting('app.actor'::text, true), ''::text))::uuid) AND ((user_id = (NULLIF(current_setting('app.actor'::text, true), ''::text))::uuid) OR management_admin() OR managed_tenant_visible(id)) AND ((user_id = (NULLIF(current_setting('app.actor'::text, true), ''::text))::uuid) OR (organization_id = (NULLIF(current_setting('app.org'::text, true), ''::text))::uuid) OR (COALESCE(current_setting('app.admin'::text, true), 'false'::text) = 'true'::text)))
                                     ->  Index Scan using payments_pkey on payments p_3  (cost=1367.63..1376.44 rows=1 width=16)
                                           Index Cond: (id = a_2.payment_id)
                                           Filter: ((status = 'posted'::text) AND (((NULLIF(current_setting('app.org'::text, true), ''::text))::uuid IS NULL) OR management_admin() OR (ANY (lease_id = (hashed SubPlan 94).col1))) AND ((status = 'posted'::text) OR management_admin() OR management_finance_member(organization_id)) AND ((ANY (lease_id = (hashed SubPlan 96).col1)) OR (ANY (lease_id = (hashed SubPlan 98).col1)) OR (organization_id = (NULLIF(current_setting('app.org'::text, true), ''::text))::uuid) OR (COALESCE(current_setting('app.admin'::text, true), 'false'::text) = 'true'::text)) AND (COALESCE(posted_at, created_at) < '2026-10-07 00:00:00+00'::timestamp with time zone))
                                           SubPlan 94
                                             ->  Seq Scan on leases leases_36  (cost=61.76..433.79 rows=248 width=16)
                                                   Filter: ((((NULLIF(current_setting('app.org'::text, true), ''::text))::uuid IS NULL) OR management_admin() OR management_unit_granted(unit_id, organization_id)) AND ((ANY (tenant_id = (hashed SubPlan 93).col1)) OR management_owner_lease_access(id) OR (organization_id = (NULLIF(current_setting('app.org'::text, true), ''::text))::uuid) OR (COALESCE(current_setting('app.admin'::text, true), 'false'::text) = 'true'::text)))
                                                   SubPlan 93
                                                     ->  Seq Scan on tenants tenants_49  (cost=0.00..61.76 rows=1 width=16)
                                                           Filter: ((user_id = (NULLIF(current_setting('app.actor'::text, true), ''::text))::uuid) AND ((user_id = (NULLIF(current_setting('app.actor'::text, true), ''::text))::uuid) OR management_admin() OR managed_tenant_visible(id)) AND ((user_id = (NULLIF(current_setting('app.actor'::text, true), ''::text))::uuid) OR (organization_id = (NULLIF(current_setting('app.org'::text, true), ''::text))::uuid) OR (COALESCE(current_setting('app.admin'::text, true), 'false'::text) = 'true'::text)))
                                           SubPlan 96
                                             ->  Nested Loop  (cost=61.76..498.65 rows=2 width=16)
                                                   Join Filter: (leases_37.tenant_id = tenants_51.id)
                                                   ->  Seq Scan on tenants tenants_51  (cost=0.00..61.76 rows=1 width=16)
                                                         Filter: ((user_id = (NULLIF(current_setting('app.actor'::text, true), ''::text))::uuid) AND ((user_id = (NULLIF(current_setting('app.actor'::text, true), ''::text))::uuid) OR management_admin() OR managed_tenant_visible(id)) AND ((user_id = (NULLIF(current_setting('app.actor'::text, true), ''::text))::uuid) OR (organization_id = (NULLIF(current_setting('app.org'::text, true), ''::text))::uuid) OR (COALESCE(current_setting('app.admin'::text, true), 'false'::text) = 'true'::text)))
                                                   ->  Seq Scan on leases leases_37  (cost=61.76..433.79 rows=248 width=32)
                                                         Filter: ((((NULLIF(current_setting('app.org'::text, true), ''::text))::uuid IS NULL) OR management_admin() OR management_unit_granted(unit_id, organization_id)) AND ((ANY (tenant_id = (hashed SubPlan 95).col1)) OR management_owner_lease_access(id) OR (organization_id = (NULLIF(current_setting('app.org'::text, true), ''::text))::uuid) OR (COALESCE(current_setting('app.admin'::text, true), 'false'::text) = 'true'::text)))
                                                         SubPlan 95
                                                           ->  Seq Scan on tenants tenants_50  (cost=0.00..61.76 rows=1 width=16)
                                                                 Filter: ((user_id = (NULLIF(current_setting('app.actor'::text, true), ''::text))::uuid) AND ((user_id = (NULLIF(current_setting('app.actor'::text, true), ''::text))::uuid) OR management_admin() OR managed_tenant_visible(id)) AND ((user_id = (NULLIF(current_setting('app.actor'::text, true), ''::text))::uuid) OR (organization_id = (NULLIF(current_setting('app.org'::text, true), ''::text))::uuid) OR (COALESCE(current_setting('app.admin'::text, true), 'false'::text) = 'true'::text)))
                                           SubPlan 98
                                             ->  Seq Scan on leases leases_38  (cost=61.76..433.79 rows=248 width=16)
                                                   Filter: ((((NULLIF(current_setting('app.org'::text, true), ''::text))::uuid IS NULL) OR management_admin() OR management_unit_granted(unit_id, organization_id)) AND ((ANY (tenant_id = (hashed SubPlan 97).col1)) OR management_owner_lease_access(id) OR (organization_id = (NULLIF(current_setting('app.org'::text, true), ''::text))::uuid) OR (COALESCE(current_setting('app.admin'::text, true), 'false'::text) = 'true'::text)))
                                                   SubPlan 97
                                                     ->  Seq Scan on tenants tenants_52  (cost=0.00..61.76 rows=1 width=16)
                                                           Filter: ((user_id = (NULLIF(current_setting('app.actor'::text, true), ''::text))::uuid) AND ((user_id = (NULLIF(current_setting('app.actor'::text, true), ''::text))::uuid) OR management_admin() OR managed_tenant_visible(id)) AND ((user_id = (NULLIF(current_setting('app.actor'::text, true), ''::text))::uuid) OR (organization_id = (NULLIF(current_setting('app.org'::text, true), ''::text))::uuid) OR (COALESCE(current_setting('app.admin'::text, true), 'false'::text) = 'true'::text)))
                       SubPlan 106
                         ->  Aggregate  (cost=1376.09..1376.10 rows=1 width=32)
                               ->  Index Scan using charges_reverses_id_key on charges rv_3  (cost=1367.77..1376.08 rows=1 width=5)
                                     Index Cond: (reverses_id = ch_1.id)
                                     Filter: ((created_at < '2026-10-07 00:00:00+00'::timestamp with time zone) AND (status = 'posted'::text) AND (((NULLIF(current_setting('app.org'::text, true), ''::text))::uuid IS NULL) OR management_admin() OR (ANY (lease_id = (hashed SubPlan 101).col1))) AND ((ANY (lease_id = (hashed SubPlan 103).col1)) OR (ANY (lease_id = (hashed SubPlan 105).col1)) OR (organization_id = (NULLIF(current_setting('app.org'::text, true), ''::text))::uuid) OR (COALESCE(current_setting('app.admin'::text, true), 'false'::text) = 'true'::text)))
                                     SubPlan 101
                                       ->  Seq Scan on leases leases_39  (cost=61.76..433.79 rows=248 width=16)
                                             Filter: ((((NULLIF(current_setting('app.org'::text, true), ''::text))::uuid IS NULL) OR management_admin() OR management_unit_granted(unit_id, organization_id)) AND ((ANY (tenant_id = (hashed SubPlan 100).col1)) OR management_owner_lease_access(id) OR (organization_id = (NULLIF(current_setting('app.org'::text, true), ''::text))::uuid) OR (COALESCE(current_setting('app.admin'::text, true), 'false'::text) = 'true'::text)))
                                             SubPlan 100
                                               ->  Seq Scan on tenants tenants_53  (cost=0.00..61.76 rows=1 width=16)
                                                     Filter: ((user_id = (NULLIF(current_setting('app.actor'::text, true), ''::text))::uuid) AND ((user_id = (NULLIF(current_setting('app.actor'::text, true), ''::text))::uuid) OR management_admin() OR managed_tenant_visible(id)) AND ((user_id = (NULLIF(current_setting('app.actor'::text, true), ''::text))::uuid) OR (organization_id = (NULLIF(current_setting('app.org'::text, true), ''::text))::uuid) OR (COALESCE(current_setting('app.admin'::text, true), 'false'::text) = 'true'::text)))
                                     SubPlan 103
                                       ->  Nested Loop  (cost=61.76..498.65 rows=2 width=16)
                                             Join Filter: (leases_40.tenant_id = tenants_55.id)
                                             ->  Seq Scan on tenants tenants_55  (cost=0.00..61.76 rows=1 width=16)
                                                   Filter: ((user_id = (NULLIF(current_setting('app.actor'::text, true), ''::text))::uuid) AND ((user_id = (NULLIF(current_setting('app.actor'::text, true), ''::text))::uuid) OR management_admin() OR managed_tenant_visible(id)) AND ((user_id = (NULLIF(current_setting('app.actor'::text, true), ''::text))::uuid) OR (organization_id = (NULLIF(current_setting('app.org'::text, true), ''::text))::uuid) OR (COALESCE(current_setting('app.admin'::text, true), 'false'::text) = 'true'::text)))
                                             ->  Seq Scan on leases leases_40  (cost=61.76..433.79 rows=248 width=32)
                                                   Filter: ((((NULLIF(current_setting('app.org'::text, true), ''::text))::uuid IS NULL) OR management_admin() OR management_unit_granted(unit_id, organization_id)) AND ((ANY (tenant_id = (hashed SubPlan 102).col1)) OR management_owner_lease_access(id) OR (organization_id = (NULLIF(current_setting('app.org'::text, true), ''::text))::uuid) OR (COALESCE(current_setting('app.admin'::text, true), 'false'::text) = 'true'::text)))
                                                   SubPlan 102
                                                     ->  Seq Scan on tenants tenants_54  (cost=0.00..61.76 rows=1 width=16)
                                                           Filter: ((user_id = (NULLIF(current_setting('app.actor'::text, true), ''::text))::uuid) AND ((user_id = (NULLIF(current_setting('app.actor'::text, true), ''::text))::uuid) OR management_admin() OR managed_tenant_visible(id)) AND ((user_id = (NULLIF(current_setting('app.actor'::text, true), ''::text))::uuid) OR (organization_id = (NULLIF(current_setting('app.org'::text, true), ''::text))::uuid) OR (COALESCE(current_setting('app.admin'::text, true), 'false'::text) = 'true'::text)))
                                     SubPlan 105
                                       ->  Seq Scan on leases leases_41  (cost=61.76..433.79 rows=248 width=16)
                                             Filter: ((((NULLIF(current_setting('app.org'::text, true), ''::text))::uuid IS NULL) OR management_admin() OR management_unit_granted(unit_id, organization_id)) AND ((ANY (tenant_id = (hashed SubPlan 104).col1)) OR management_owner_lease_access(id) OR (organization_id = (NULLIF(current_setting('app.org'::text, true), ''::text))::uuid) OR (COALESCE(current_setting('app.admin'::text, true), 'false'::text) = 'true'::text)))
                                             SubPlan 104
                                               ->  Seq Scan on tenants tenants_56  (cost=0.00..61.76 rows=1 width=16)
                                                     Filter: ((user_id = (NULLIF(current_setting('app.actor'::text, true), ''::text))::uuid) AND ((user_id = (NULLIF(current_setting('app.actor'::text, true), ''::text))::uuid) OR management_admin() OR managed_tenant_visible(id)) AND ((user_id = (NULLIF(current_setting('app.actor'::text, true), ''::text))::uuid) OR (organization_id = (NULLIF(current_setting('app.org'::text, true), ''::text))::uuid) OR (COALESCE(current_setting('app.admin'::text, true), 'false'::text) = 'true'::text)))
                       SubPlan 127
                         ->  Aggregate  (cost=4531.11..4531.12 rows=1 width=32)
                               ->  Nested Loop  (cost=4500.11..4531.11 rows=1 width=6)
                                     ->  Seq Scan on allocations a_3  (cost=3132.49..3154.29 rows=1 width=22)
                                           Filter: ((created_at < '2026-10-07 00:00:00+00'::timestamp with time zone) AND ((reversed_at IS NULL) OR (reversed_at >= '2026-10-07 00:00:00+00'::timestamp with time zone)) AND (charge_id = ch_1.id) AND (((NULLIF(current_setting('app.org'::text, true), ''::text))::uuid IS NULL) OR management_admin() OR (ANY (payment_id = (hashed SubPlan 113).col1))) AND ((ANY (payment_id = (hashed SubPlan 120).col1)) OR (organization_id = (NULLIF(current_setting('app.org'::text, true), ''::text))::uuid) OR (COALESCE(current_setting('app.admin'::text, true), 'false'::text) = 'true'::text)))
                                           SubPlan 113
                                             ->  Seq Scan on payments payments_6  (cost=1367.48..1565.88 rows=144 width=16)
                                                   Filter: ((((NULLIF(current_setting('app.org'::text, true), ''::text))::uuid IS NULL) OR management_admin() OR (ANY (lease_id = (hashed SubPlan 108).col1))) AND ((status = 'posted'::text) OR management_admin() OR management_finance_member(organization_id)) AND ((ANY (lease_id = (hashed SubPlan 110).col1)) OR (ANY (lease_id = (hashed SubPlan 112).col1)) OR (organization_id = (NULLIF(current_setting('app.org'::text, true), ''::text))::uuid) OR (COALESCE(current_setting('app.admin'::text, true), 'false'::text) = 'true'::text)))
                                                   SubPlan 108
                                                     ->  Seq Scan on leases leases_42  (cost=61.76..433.79 rows=248 width=16)
                                                           Filter: ((((NULLIF(current_setting('app.org'::text, true), ''::text))::uuid IS NULL) OR management_admin() OR management_unit_granted(unit_id, organization_id)) AND ((ANY (tenant_id = (hashed SubPlan 107).col1)) OR management_owner_lease_access(id) OR (organization_id = (NULLIF(current_setting('app.org'::text, true), ''::text))::uuid) OR (COALESCE(current_setting('app.admin'::text, true), 'false'::text) = 'true'::text)))
                                                           SubPlan 107
                                                             ->  Seq Scan on tenants tenants_57  (cost=0.00..61.76 rows=1 width=16)
                                                                   Filter: ((user_id = (NULLIF(current_setting('app.actor'::text, true), ''::text))::uuid) AND ((user_id = (NULLIF(current_setting('app.actor'::text, true), ''::text))::uuid) OR management_admin() OR managed_tenant_visible(id)) AND ((user_id = (NULLIF(current_setting('app.actor'::text, true), ''::text))::uuid) OR (organization_id = (NULLIF(current_setting('app.org'::text, true), ''::text))::uuid) OR (COALESCE(current_setting('app.admin'::text, true), 'false'::text) = 'true'::text)))
                                                   SubPlan 110
                                                     ->  Nested Loop  (cost=61.76..498.65 rows=2 width=16)
                                                           Join Filter: (leases_43.tenant_id = tenants_59.id)
                                                           ->  Seq Scan on tenants tenants_59  (cost=0.00..61.76 rows=1 width=16)
                                                                 Filter: ((user_id = (NULLIF(current_setting('app.actor'::text, true), ''::text))::uuid) AND ((user_id = (NULLIF(current_setting('app.actor'::text, true), ''::text))::uuid) OR management_admin() OR managed_tenant_visible(id)) AND ((user_id = (NULLIF(current_setting('app.actor'::text, true), ''::text))::uuid) OR (organization_id = (NULLIF(current_setting('app.org'::text, true), ''::text))::uuid) OR (COALESCE(current_setting('app.admin'::text, true), 'false'::text) = 'true'::text)))
                                                           ->  Seq Scan on leases leases_43  (cost=61.76..433.79 rows=248 width=32)
                                                                 Filter: ((((NULLIF(current_setting('app.org'::text, true), ''::text))::uuid IS NULL) OR management_admin() OR management_unit_granted(unit_id, organization_id)) AND ((ANY (tenant_id = (hashed SubPlan 109).col1)) OR management_owner_lease_access(id) OR (organization_id = (NULLIF(current_setting('app.org'::text, true), ''::text))::uuid) OR (COALESCE(current_setting('app.admin'::text, true), 'false'::text) = 'true'::text)))
                                                                 SubPlan 109
                                                                   ->  Seq Scan on tenants tenants_58  (cost=0.00..61.76 rows=1 width=16)
                                                                         Filter: ((user_id = (NULLIF(current_setting('app.actor'::text, true), ''::text))::uuid) AND ((user_id = (NULLIF(current_setting('app.actor'::text, true), ''::text))::uuid) OR management_admin() OR managed_tenant_visible(id)) AND ((user_id = (NULLIF(current_setting('app.actor'::text, true), ''::text))::uuid) OR (organization_id = (NULLIF(current_setting('app.org'::text, true), ''::text))::uuid) OR (COALESCE(current_setting('app.admin'::text, true), 'false'::text) = 'true'::text)))
                                                   SubPlan 112
                                                     ->  Seq Scan on leases leases_44  (cost=61.76..433.79 rows=248 width=16)
                                                           Filter: ((((NULLIF(current_setting('app.org'::text, true), ''::text))::uuid IS NULL) OR management_admin() OR management_unit_granted(unit_id, organization_id)) AND ((ANY (tenant_id = (hashed SubPlan 111).col1)) OR management_owner_lease_access(id) OR (organization_id = (NULLIF(current_setting('app.org'::text, true), ''::text))::uuid) OR (COALESCE(current_setting('app.admin'::text, true), 'false'::text) = 'true'::text)))
                                                           SubPlan 111
                                                             ->  Seq Scan on tenants tenants_60  (cost=0.00..61.76 rows=1 width=16)
                                                                   Filter: ((user_id = (NULLIF(current_setting('app.actor'::text, true), ''::text))::uuid) AND ((user_id = (NULLIF(current_setting('app.actor'::text, true), ''::text))::uuid) OR management_admin() OR managed_tenant_visible(id)) AND ((user_id = (NULLIF(current_setting('app.actor'::text, true), ''::text))::uuid) OR (organization_id = (NULLIF(current_setting('app.org'::text, true), ''::text))::uuid) OR (COALESCE(current_setting('app.admin'::text, true), 'false'::text) = 'true'::text)))
                                           SubPlan 120
                                             ->  Seq Scan on payments payments_7  (cost=1367.48..1565.88 rows=144 width=16)
                                                   Filter: ((((NULLIF(current_setting('app.org'::text, true), ''::text))::uuid IS NULL) OR management_admin() OR (ANY (lease_id = (hashed SubPlan 115).col1))) AND ((status = 'posted'::text) OR management_admin() OR management_finance_member(organization_id)) AND ((ANY (lease_id = (hashed SubPlan 117).col1)) OR (ANY (lease_id = (hashed SubPlan 119).col1)) OR (organization_id = (NULLIF(current_setting('app.org'::text, true), ''::text))::uuid) OR (COALESCE(current_setting('app.admin'::text, true), 'false'::text) = 'true'::text)))
                                                   SubPlan 115
                                                     ->  Seq Scan on leases leases_45  (cost=61.76..433.79 rows=248 width=16)
                                                           Filter: ((((NULLIF(current_setting('app.org'::text, true), ''::text))::uuid IS NULL) OR management_admin() OR management_unit_granted(unit_id, organization_id)) AND ((ANY (tenant_id = (hashed SubPlan 114).col1)) OR management_owner_lease_access(id) OR (organization_id = (NULLIF(current_setting('app.org'::text, true), ''::text))::uuid) OR (COALESCE(current_setting('app.admin'::text, true), 'false'::text) = 'true'::text)))
                                                           SubPlan 114
                                                             ->  Seq Scan on tenants tenants_61  (cost=0.00..61.76 rows=1 width=16)
                                                                   Filter: ((user_id = (NULLIF(current_setting('app.actor'::text, true), ''::text))::uuid) AND ((user_id = (NULLIF(current_setting('app.actor'::text, true), ''::text))::uuid) OR management_admin() OR managed_tenant_visible(id)) AND ((user_id = (NULLIF(current_setting('app.actor'::text, true), ''::text))::uuid) OR (organization_id = (NULLIF(current_setting('app.org'::text, true), ''::text))::uuid) OR (COALESCE(current_setting('app.admin'::text, true), 'false'::text) = 'true'::text)))
                                                   SubPlan 117
                                                     ->  Nested Loop  (cost=61.76..498.65 rows=2 width=16)
                                                           Join Filter: (leases_46.tenant_id = tenants_63.id)
                                                           ->  Seq Scan on tenants tenants_63  (cost=0.00..61.76 rows=1 width=16)
                                                                 Filter: ((user_id = (NULLIF(current_setting('app.actor'::text, true), ''::text))::uuid) AND ((user_id = (NULLIF(current_setting('app.actor'::text, true), ''::text))::uuid) OR management_admin() OR managed_tenant_visible(id)) AND ((user_id = (NULLIF(current_setting('app.actor'::text, true), ''::text))::uuid) OR (organization_id = (NULLIF(current_setting('app.org'::text, true), ''::text))::uuid) OR (COALESCE(current_setting('app.admin'::text, true), 'false'::text) = 'true'::text)))
                                                           ->  Seq Scan on leases leases_46  (cost=61.76..433.79 rows=248 width=32)
                                                                 Filter: ((((NULLIF(current_setting('app.org'::text, true), ''::text))::uuid IS NULL) OR management_admin() OR management_unit_granted(unit_id, organization_id)) AND ((ANY (tenant_id = (hashed SubPlan 116).col1)) OR management_owner_lease_access(id) OR (organization_id = (NULLIF(current_setting('app.org'::text, true), ''::text))::uuid) OR (COALESCE(current_setting('app.admin'::text, true), 'false'::text) = 'true'::text)))
                                                                 SubPlan 116
                                                                   ->  Seq Scan on tenants tenants_62  (cost=0.00..61.76 rows=1 width=16)
                                                                         Filter: ((user_id = (NULLIF(current_setting('app.actor'::text, true), ''::text))::uuid) AND ((user_id = (NULLIF(current_setting('app.actor'::text, true), ''::text))::uuid) OR management_admin() OR managed_tenant_visible(id)) AND ((user_id = (NULLIF(current_setting('app.actor'::text, true), ''::text))::uuid) OR (organization_id = (NULLIF(current_setting('app.org'::text, true), ''::text))::uuid) OR (COALESCE(current_setting('app.admin'::text, true), 'false'::text) = 'true'::text)))
                                                   SubPlan 119
                                                     ->  Seq Scan on leases leases_47  (cost=61.76..433.79 rows=248 width=16)
                                                           Filter: ((((NULLIF(current_setting('app.org'::text, true), ''::text))::uuid IS NULL) OR management_admin() OR management_unit_granted(unit_id, organization_id)) AND ((ANY (tenant_id = (hashed SubPlan 118).col1)) OR management_owner_lease_access(id) OR (organization_id = (NULLIF(current_setting('app.org'::text, true), ''::text))::uuid) OR (COALESCE(current_setting('app.admin'::text, true), 'false'::text) = 'true'::text)))
                                                           SubPlan 118
                                                             ->  Seq Scan on tenants tenants_64  (cost=0.00..61.76 rows=1 width=16)
                                                                   Filter: ((user_id = (NULLIF(current_setting('app.actor'::text, true), ''::text))::uuid) AND ((user_id = (NULLIF(current_setting('app.actor'::text, true), ''::text))::uuid) OR management_admin() OR managed_tenant_visible(id)) AND ((user_id = (NULLIF(current_setting('app.actor'::text, true), ''::text))::uuid) OR (organization_id = (NULLIF(current_setting('app.org'::text, true), ''::text))::uuid) OR (COALESCE(current_setting('app.admin'::text, true), 'false'::text) = 'true'::text)))
                                     ->  Index Scan using payments_pkey on payments p_4  (cost=1367.63..1376.44 rows=1 width=16)
                                           Index Cond: (id = a_3.payment_id)
                                           Filter: ((status = 'posted'::text) AND (((NULLIF(current_setting('app.org'::text, true), ''::text))::uuid IS NULL) OR management_admin() OR (ANY (lease_id = (hashed SubPlan 122).col1))) AND ((status = 'posted'::text) OR management_admin() OR management_finance_member(organization_id)) AND ((ANY (lease_id = (hashed SubPlan 124).col1)) OR (ANY (lease_id = (hashed SubPlan 126).col1)) OR (organization_id = (NULLIF(current_setting('app.org'::text, true), ''::text))::uuid) OR (COALESCE(current_setting('app.admin'::text, true), 'false'::text) = 'true'::text)) AND (COALESCE(posted_at, created_at) < '2026-10-07 00:00:00+00'::timestamp with time zone))
                                           SubPlan 122
                                             ->  Seq Scan on leases leases_48  (cost=61.76..433.79 rows=248 width=16)
                                                   Filter: ((((NULLIF(current_setting('app.org'::text, true), ''::text))::uuid IS NULL) OR management_admin() OR management_unit_granted(unit_id, organization_id)) AND ((ANY (tenant_id = (hashed SubPlan 121).col1)) OR management_owner_lease_access(id) OR (organization_id = (NULLIF(current_setting('app.org'::text, true), ''::text))::uuid) OR (COALESCE(current_setting('app.admin'::text, true), 'false'::text) = 'true'::text)))
                                                   SubPlan 121
                                                     ->  Seq Scan on tenants tenants_65  (cost=0.00..61.76 rows=1 width=16)
                                                           Filter: ((user_id = (NULLIF(current_setting('app.actor'::text, true), ''::text))::uuid) AND ((user_id = (NULLIF(current_setting('app.actor'::text, true), ''::text))::uuid) OR management_admin() OR managed_tenant_visible(id)) AND ((user_id = (NULLIF(current_setting('app.actor'::text, true), ''::text))::uuid) OR (organization_id = (NULLIF(current_setting('app.org'::text, true), ''::text))::uuid) OR (COALESCE(current_setting('app.admin'::text, true), 'false'::text) = 'true'::text)))
                                           SubPlan 124
                                             ->  Nested Loop  (cost=61.76..498.65 rows=2 width=16)
                                                   Join Filter: (leases_49.tenant_id = tenants_67.id)
                                                   ->  Seq Scan on tenants tenants_67  (cost=0.00..61.76 rows=1 width=16)
                                                         Filter: ((user_id = (NULLIF(current_setting('app.actor'::text, true), ''::text))::uuid) AND ((user_id = (NULLIF(current_setting('app.actor'::text, true), ''::text))::uuid) OR management_admin() OR managed_tenant_visible(id)) AND ((user_id = (NULLIF(current_setting('app.actor'::text, true), ''::text))::uuid) OR (organization_id = (NULLIF(current_setting('app.org'::text, true), ''::text))::uuid) OR (COALESCE(current_setting('app.admin'::text, true), 'false'::text) = 'true'::text)))
                                                   ->  Seq Scan on leases leases_49  (cost=61.76..433.79 rows=248 width=32)
                                                         Filter: ((((NULLIF(current_setting('app.org'::text, true), ''::text))::uuid IS NULL) OR management_admin() OR management_unit_granted(unit_id, organization_id)) AND ((ANY (tenant_id = (hashed SubPlan 123).col1)) OR management_owner_lease_access(id) OR (organization_id = (NULLIF(current_setting('app.org'::text, true), ''::text))::uuid) OR (COALESCE(current_setting('app.admin'::text, true), 'false'::text) = 'true'::text)))
                                                         SubPlan 123
                                                           ->  Seq Scan on tenants tenants_66  (cost=0.00..61.76 rows=1 width=16)
                                                                 Filter: ((user_id = (NULLIF(current_setting('app.actor'::text, true), ''::text))::uuid) AND ((user_id = (NULLIF(current_setting('app.actor'::text, true), ''::text))::uuid) OR management_admin() OR managed_tenant_visible(id)) AND ((user_id = (NULLIF(current_setting('app.actor'::text, true), ''::text))::uuid) OR (organization_id = (NULLIF(current_setting('app.org'::text, true), ''::text))::uuid) OR (COALESCE(current_setting('app.admin'::text, true), 'false'::text) = 'true'::text)))
                                           SubPlan 126
                                             ->  Seq Scan on leases leases_50  (cost=61.76..433.79 rows=248 width=16)
                                                   Filter: ((((NULLIF(current_setting('app.org'::text, true), ''::text))::uuid IS NULL) OR management_admin() OR management_unit_granted(unit_id, organization_id)) AND ((ANY (tenant_id = (hashed SubPlan 125).col1)) OR management_owner_lease_access(id) OR (organization_id = (NULLIF(current_setting('app.org'::text, true), ''::text))::uuid) OR (COALESCE(current_setting('app.admin'::text, true), 'false'::text) = 'true'::text)))
                                                   SubPlan 125
                                                     ->  Seq Scan on tenants tenants_68  (cost=0.00..61.76 rows=1 width=16)
                                                           Filter: ((user_id = (NULLIF(current_setting('app.actor'::text, true), ''::text))::uuid) AND ((user_id = (NULLIF(current_setting('app.actor'::text, true), ''::text))::uuid) OR management_admin() OR managed_tenant_visible(id)) AND ((user_id = (NULLIF(current_setting('app.actor'::text, true), ''::text))::uuid) OR (organization_id = (NULLIF(current_setting('app.org'::text, true), ''::text))::uuid) OR (COALESCE(current_setting('app.admin'::text, true), 'false'::text) = 'true'::text)))
                       SubPlan 134
                         ->  Aggregate  (cost=1376.09..1376.10 rows=1 width=32)
                               ->  Index Scan using charges_reverses_id_key on charges rv_4  (cost=1367.77..1376.08 rows=1 width=5)
                                     Index Cond: (reverses_id = ch_1.id)
                                     Filter: ((created_at < '2026-10-07 00:00:00+00'::timestamp with time zone) AND (status = 'posted'::text) AND (((NULLIF(current_setting('app.org'::text, true), ''::text))::uuid IS NULL) OR management_admin() OR (ANY (lease_id = (hashed SubPlan 129).col1))) AND ((ANY (lease_id = (hashed SubPlan 131).col1)) OR (ANY (lease_id = (hashed SubPlan 133).col1)) OR (organization_id = (NULLIF(current_setting('app.org'::text, true), ''::text))::uuid) OR (COALESCE(current_setting('app.admin'::text, true), 'false'::text) = 'true'::text)))
                                     SubPlan 129
                                       ->  Seq Scan on leases leases_51  (cost=61.76..433.79 rows=248 width=16)
                                             Filter: ((((NULLIF(current_setting('app.org'::text, true), ''::text))::uuid IS NULL) OR management_admin() OR management_unit_granted(unit_id, organization_id)) AND ((ANY (tenant_id = (hashed SubPlan 128).col1)) OR management_owner_lease_access(id) OR (organization_id = (NULLIF(current_setting('app.org'::text, true), ''::text))::uuid) OR (COALESCE(current_setting('app.admin'::text, true), 'false'::text) = 'true'::text)))
                                             SubPlan 128
                                               ->  Seq Scan on tenants tenants_69  (cost=0.00..61.76 rows=1 width=16)
                                                     Filter: ((user_id = (NULLIF(current_setting('app.actor'::text, true), ''::text))::uuid) AND ((user_id = (NULLIF(current_setting('app.actor'::text, true), ''::text))::uuid) OR management_admin() OR managed_tenant_visible(id)) AND ((user_id = (NULLIF(current_setting('app.actor'::text, true), ''::text))::uuid) OR (organization_id = (NULLIF(current_setting('app.org'::text, true), ''::text))::uuid) OR (COALESCE(current_setting('app.admin'::text, true), 'false'::text) = 'true'::text)))
                                     SubPlan 131
                                       ->  Nested Loop  (cost=61.76..498.65 rows=2 width=16)
                                             Join Filter: (leases_52.tenant_id = tenants_71.id)
                                             ->  Seq Scan on tenants tenants_71  (cost=0.00..61.76 rows=1 width=16)
                                                   Filter: ((user_id = (NULLIF(current_setting('app.actor'::text, true), ''::text))::uuid) AND ((user_id = (NULLIF(current_setting('app.actor'::text, true), ''::text))::uuid) OR management_admin() OR managed_tenant_visible(id)) AND ((user_id = (NULLIF(current_setting('app.actor'::text, true), ''::text))::uuid) OR (organization_id = (NULLIF(current_setting('app.org'::text, true), ''::text))::uuid) OR (COALESCE(current_setting('app.admin'::text, true), 'false'::text) = 'true'::text)))
                                             ->  Seq Scan on leases leases_52  (cost=61.76..433.79 rows=248 width=32)
                                                   Filter: ((((NULLIF(current_setting('app.org'::text, true), ''::text))::uuid IS NULL) OR management_admin() OR management_unit_granted(unit_id, organization_id)) AND ((ANY (tenant_id = (hashed SubPlan 130).col1)) OR management_owner_lease_access(id) OR (organization_id = (NULLIF(current_setting('app.org'::text, true), ''::text))::uuid) OR (COALESCE(current_setting('app.admin'::text, true), 'false'::text) = 'true'::text)))
                                                   SubPlan 130
                                                     ->  Seq Scan on tenants tenants_70  (cost=0.00..61.76 rows=1 width=16)
                                                           Filter: ((user_id = (NULLIF(current_setting('app.actor'::text, true), ''::text))::uuid) AND ((user_id = (NULLIF(current_setting('app.actor'::text, true), ''::text))::uuid) OR management_admin() OR managed_tenant_visible(id)) AND ((user_id = (NULLIF(current_setting('app.actor'::text, true), ''::text))::uuid) OR (organization_id = (NULLIF(current_setting('app.org'::text, true), ''::text))::uuid) OR (COALESCE(current_setting('app.admin'::text, true), 'false'::text) = 'true'::text)))
                                     SubPlan 133
                                       ->  Seq Scan on leases leases_53  (cost=61.76..433.79 rows=248 width=16)
                                             Filter: ((((NULLIF(current_setting('app.org'::text, true), ''::text))::uuid IS NULL) OR management_admin() OR management_unit_granted(unit_id, organization_id)) AND ((ANY (tenant_id = (hashed SubPlan 132).col1)) OR management_owner_lease_access(id) OR (organization_id = (NULLIF(current_setting('app.org'::text, true), ''::text))::uuid) OR (COALESCE(current_setting('app.admin'::text, true), 'false'::text) = 'true'::text)))
                                             SubPlan 132
                                               ->  Seq Scan on tenants tenants_72  (cost=0.00..61.76 rows=1 width=16)
                                                     Filter: ((user_id = (NULLIF(current_setting('app.actor'::text, true), ''::text))::uuid) AND ((user_id = (NULLIF(current_setting('app.actor'::text, true), ''::text))::uuid) OR management_admin() OR managed_tenant_visible(id)) AND ((user_id = (NULLIF(current_setting('app.actor'::text, true), ''::text))::uuid) OR (organization_id = (NULLIF(current_setting('app.org'::text, true), ''::text))::uuid) OR (COALESCE(current_setting('app.admin'::text, true), 'false'::text) = 'true'::text)))
                       SubPlan 155
                         ->  Aggregate  (cost=4531.11..4531.12 rows=1 width=32)
                               ->  Nested Loop  (cost=4500.11..4531.11 rows=1 width=6)
                                     ->  Seq Scan on allocations a_4  (cost=3132.49..3154.29 rows=1 width=22)
                                           Filter: ((created_at < '2026-10-07 00:00:00+00'::timestamp with time zone) AND ((reversed_at IS NULL) OR (reversed_at >= '2026-10-07 00:00:00+00'::timestamp with time zone)) AND (charge_id = ch_1.id) AND (((NULLIF(current_setting('app.org'::text, true), ''::text))::uuid IS NULL) OR management_admin() OR (ANY (payment_id = (hashed SubPlan 141).col1))) AND ((ANY (payment_id = (hashed SubPlan 148).col1)) OR (organization_id = (NULLIF(current_setting('app.org'::text, true), ''::text))::uuid) OR (COALESCE(current_setting('app.admin'::text, true), 'false'::text) = 'true'::text)))
                                           SubPlan 141
                                             ->  Seq Scan on payments payments_8  (cost=1367.48..1565.88 rows=144 width=16)
                                                   Filter: ((((NULLIF(current_setting('app.org'::text, true), ''::text))::uuid IS NULL) OR management_admin() OR (ANY (lease_id = (hashed SubPlan 136).col1))) AND ((status = 'posted'::text) OR management_admin() OR management_finance_member(organization_id)) AND ((ANY (lease_id = (hashed SubPlan 138).col1)) OR (ANY (lease_id = (hashed SubPlan 140).col1)) OR (organization_id = (NULLIF(current_setting('app.org'::text, true), ''::text))::uuid) OR (COALESCE(current_setting('app.admin'::text, true), 'false'::text) = 'true'::text)))
                                                   SubPlan 136
                                                     ->  Seq Scan on leases leases_54  (cost=61.76..433.79 rows=248 width=16)
                                                           Filter: ((((NULLIF(current_setting('app.org'::text, true), ''::text))::uuid IS NULL) OR management_admin() OR management_unit_granted(unit_id, organization_id)) AND ((ANY (tenant_id = (hashed SubPlan 135).col1)) OR management_owner_lease_access(id) OR (organization_id = (NULLIF(current_setting('app.org'::text, true), ''::text))::uuid) OR (COALESCE(current_setting('app.admin'::text, true), 'false'::text) = 'true'::text)))
                                                           SubPlan 135
                                                             ->  Seq Scan on tenants tenants_73  (cost=0.00..61.76 rows=1 width=16)
                                                                   Filter: ((user_id = (NULLIF(current_setting('app.actor'::text, true), ''::text))::uuid) AND ((user_id = (NULLIF(current_setting('app.actor'::text, true), ''::text))::uuid) OR management_admin() OR managed_tenant_visible(id)) AND ((user_id = (NULLIF(current_setting('app.actor'::text, true), ''::text))::uuid) OR (organization_id = (NULLIF(current_setting('app.org'::text, true), ''::text))::uuid) OR (COALESCE(current_setting('app.admin'::text, true), 'false'::text) = 'true'::text)))
                                                   SubPlan 138
                                                     ->  Nested Loop  (cost=61.76..498.65 rows=2 width=16)
                                                           Join Filter: (leases_55.tenant_id = tenants_75.id)
                                                           ->  Seq Scan on tenants tenants_75  (cost=0.00..61.76 rows=1 width=16)
                                                                 Filter: ((user_id = (NULLIF(current_setting('app.actor'::text, true), ''::text))::uuid) AND ((user_id = (NULLIF(current_setting('app.actor'::text, true), ''::text))::uuid) OR management_admin() OR managed_tenant_visible(id)) AND ((user_id = (NULLIF(current_setting('app.actor'::text, true), ''::text))::uuid) OR (organization_id = (NULLIF(current_setting('app.org'::text, true), ''::text))::uuid) OR (COALESCE(current_setting('app.admin'::text, true), 'false'::text) = 'true'::text)))
                                                           ->  Seq Scan on leases leases_55  (cost=61.76..433.79 rows=248 width=32)
                                                                 Filter: ((((NULLIF(current_setting('app.org'::text, true), ''::text))::uuid IS NULL) OR management_admin() OR management_unit_granted(unit_id, organization_id)) AND ((ANY (tenant_id = (hashed SubPlan 137).col1)) OR management_owner_lease_access(id) OR (organization_id = (NULLIF(current_setting('app.org'::text, true), ''::text))::uuid) OR (COALESCE(current_setting('app.admin'::text, true), 'false'::text) = 'true'::text)))
                                                                 SubPlan 137
                                                                   ->  Seq Scan on tenants tenants_74  (cost=0.00..61.76 rows=1 width=16)
                                                                         Filter: ((user_id = (NULLIF(current_setting('app.actor'::text, true), ''::text))::uuid) AND ((user_id = (NULLIF(current_setting('app.actor'::text, true), ''::text))::uuid) OR management_admin() OR managed_tenant_visible(id)) AND ((user_id = (NULLIF(current_setting('app.actor'::text, true), ''::text))::uuid) OR (organization_id = (NULLIF(current_setting('app.org'::text, true), ''::text))::uuid) OR (COALESCE(current_setting('app.admin'::text, true), 'false'::text) = 'true'::text)))
                                                   SubPlan 140
                                                     ->  Seq Scan on leases leases_56  (cost=61.76..433.79 rows=248 width=16)
                                                           Filter: ((((NULLIF(current_setting('app.org'::text, true), ''::text))::uuid IS NULL) OR management_admin() OR management_unit_granted(unit_id, organization_id)) AND ((ANY (tenant_id = (hashed SubPlan 139).col1)) OR management_owner_lease_access(id) OR (organization_id = (NULLIF(current_setting('app.org'::text, true), ''::text))::uuid) OR (COALESCE(current_setting('app.admin'::text, true), 'false'::text) = 'true'::text)))
                                                           SubPlan 139
                                                             ->  Seq Scan on tenants tenants_76  (cost=0.00..61.76 rows=1 width=16)
                                                                   Filter: ((user_id = (NULLIF(current_setting('app.actor'::text, true), ''::text))::uuid) AND ((user_id = (NULLIF(current_setting('app.actor'::text, true), ''::text))::uuid) OR management_admin() OR managed_tenant_visible(id)) AND ((user_id = (NULLIF(current_setting('app.actor'::text, true), ''::text))::uuid) OR (organization_id = (NULLIF(current_setting('app.org'::text, true), ''::text))::uuid) OR (COALESCE(current_setting('app.admin'::text, true), 'false'::text) = 'true'::text)))
                                           SubPlan 148
                                             ->  Seq Scan on payments payments_9  (cost=1367.48..1565.88 rows=144 width=16)
                                                   Filter: ((((NULLIF(current_setting('app.org'::text, true), ''::text))::uuid IS NULL) OR management_admin() OR (ANY (lease_id = (hashed SubPlan 143).col1))) AND ((status = 'posted'::text) OR management_admin() OR management_finance_member(organization_id)) AND ((ANY (lease_id = (hashed SubPlan 145).col1)) OR (ANY (lease_id = (hashed SubPlan 147).col1)) OR (organization_id = (NULLIF(current_setting('app.org'::text, true), ''::text))::uuid) OR (COALESCE(current_setting('app.admin'::text, true), 'false'::text) = 'true'::text)))
                                                   SubPlan 143
                                                     ->  Seq Scan on leases leases_57  (cost=61.76..433.79 rows=248 width=16)
                                                           Filter: ((((NULLIF(current_setting('app.org'::text, true), ''::text))::uuid IS NULL) OR management_admin() OR management_unit_granted(unit_id, organization_id)) AND ((ANY (tenant_id = (hashed SubPlan 142).col1)) OR management_owner_lease_access(id) OR (organization_id = (NULLIF(current_setting('app.org'::text, true), ''::text))::uuid) OR (COALESCE(current_setting('app.admin'::text, true), 'false'::text) = 'true'::text)))
                                                           SubPlan 142
                                                             ->  Seq Scan on tenants tenants_77  (cost=0.00..61.76 rows=1 width=16)
                                                                   Filter: ((user_id = (NULLIF(current_setting('app.actor'::text, true), ''::text))::uuid) AND ((user_id = (NULLIF(current_setting('app.actor'::text, true), ''::text))::uuid) OR management_admin() OR managed_tenant_visible(id)) AND ((user_id = (NULLIF(current_setting('app.actor'::text, true), ''::text))::uuid) OR (organization_id = (NULLIF(current_setting('app.org'::text, true), ''::text))::uuid) OR (COALESCE(current_setting('app.admin'::text, true), 'false'::text) = 'true'::text)))
                                                   SubPlan 145
                                                     ->  Nested Loop  (cost=61.76..498.65 rows=2 width=16)
                                                           Join Filter: (leases_58.tenant_id = tenants_79.id)
                                                           ->  Seq Scan on tenants tenants_79  (cost=0.00..61.76 rows=1 width=16)
                                                                 Filter: ((user_id = (NULLIF(current_setting('app.actor'::text, true), ''::text))::uuid) AND ((user_id = (NULLIF(current_setting('app.actor'::text, true), ''::text))::uuid) OR management_admin() OR managed_tenant_visible(id)) AND ((user_id = (NULLIF(current_setting('app.actor'::text, true), ''::text))::uuid) OR (organization_id = (NULLIF(current_setting('app.org'::text, true), ''::text))::uuid) OR (COALESCE(current_setting('app.admin'::text, true), 'false'::text) = 'true'::text)))
                                                           ->  Seq Scan on leases leases_58  (cost=61.76..433.79 rows=248 width=32)
                                                                 Filter: ((((NULLIF(current_setting('app.org'::text, true), ''::text))::uuid IS NULL) OR management_admin() OR management_unit_granted(unit_id, organization_id)) AND ((ANY (tenant_id = (hashed SubPlan 144).col1)) OR management_owner_lease_access(id) OR (organization_id = (NULLIF(current_setting('app.org'::text, true), ''::text))::uuid) OR (COALESCE(current_setting('app.admin'::text, true), 'false'::text) = 'true'::text)))
                                                                 SubPlan 144
                                                                   ->  Seq Scan on tenants tenants_78  (cost=0.00..61.76 rows=1 width=16)
                                                                         Filter: ((user_id = (NULLIF(current_setting('app.actor'::text, true), ''::text))::uuid) AND ((user_id = (NULLIF(current_setting('app.actor'::text, true), ''::text))::uuid) OR management_admin() OR managed_tenant_visible(id)) AND ((user_id = (NULLIF(current_setting('app.actor'::text, true), ''::text))::uuid) OR (organization_id = (NULLIF(current_setting('app.org'::text, true), ''::text))::uuid) OR (COALESCE(current_setting('app.admin'::text, true), 'false'::text) = 'true'::text)))
                                                   SubPlan 147
                                                     ->  Seq Scan on leases leases_59  (cost=61.76..433.79 rows=248 width=16)
                                                           Filter: ((((NULLIF(current_setting('app.org'::text, true), ''::text))::uuid IS NULL) OR management_admin() OR management_unit_granted(unit_id, organization_id)) AND ((ANY (tenant_id = (hashed SubPlan 146).col1)) OR management_owner_lease_access(id) OR (organization_id = (NULLIF(current_setting('app.org'::text, true), ''::text))::uuid) OR (COALESCE(current_setting('app.admin'::text, true), 'false'::text) = 'true'::text)))
                                                           SubPlan 146
                                                             ->  Seq Scan on tenants tenants_80  (cost=0.00..61.76 rows=1 width=16)
                                                                   Filter: ((user_id = (NULLIF(current_setting('app.actor'::text, true), ''::text))::uuid) AND ((user_id = (NULLIF(current_setting('app.actor'::text, true), ''::text))::uuid) OR management_admin() OR managed_tenant_visible(id)) AND ((user_id = (NULLIF(current_setting('app.actor'::text, true), ''::text))::uuid) OR (organization_id = (NULLIF(current_setting('app.org'::text, true), ''::text))::uuid) OR (COALESCE(current_setting('app.admin'::text, true), 'false'::text) = 'true'::text)))
                                     ->  Index Scan using payments_pkey on payments p_5  (cost=1367.63..1376.44 rows=1 width=16)
                                           Index Cond: (id = a_4.payment_id)
                                           Filter: ((status = 'posted'::text) AND (((NULLIF(current_setting('app.org'::text, true), ''::text))::uuid IS NULL) OR management_admin() OR (ANY (lease_id = (hashed SubPlan 150).col1))) AND ((status = 'posted'::text) OR management_admin() OR management_finance_member(organization_id)) AND ((ANY (lease_id = (hashed SubPlan 152).col1)) OR (ANY (lease_id = (hashed SubPlan 154).col1)) OR (organization_id = (NULLIF(current_setting('app.org'::text, true), ''::text))::uuid) OR (COALESCE(current_setting('app.admin'::text, true), 'false'::text) = 'true'::text)) AND (COALESCE(posted_at, created_at) < '2026-10-07 00:00:00+00'::timestamp with time zone))
                                           SubPlan 150
                                             ->  Seq Scan on leases leases_60  (cost=61.76..433.79 rows=248 width=16)
                                                   Filter: ((((NULLIF(current_setting('app.org'::text, true), ''::text))::uuid IS NULL) OR management_admin() OR management_unit_granted(unit_id, organization_id)) AND ((ANY (tenant_id = (hashed SubPlan 149).col1)) OR management_owner_lease_access(id) OR (organization_id = (NULLIF(current_setting('app.org'::text, true), ''::text))::uuid) OR (COALESCE(current_setting('app.admin'::text, true), 'false'::text) = 'true'::text)))
                                                   SubPlan 149
                                                     ->  Seq Scan on tenants tenants_81  (cost=0.00..61.76 rows=1 width=16)
                                                           Filter: ((user_id = (NULLIF(current_setting('app.actor'::text, true), ''::text))::uuid) AND ((user_id = (NULLIF(current_setting('app.actor'::text, true), ''::text))::uuid) OR management_admin() OR managed_tenant_visible(id)) AND ((user_id = (NULLIF(current_setting('app.actor'::text, true), ''::text))::uuid) OR (organization_id = (NULLIF(current_setting('app.org'::text, true), ''::text))::uuid) OR (COALESCE(current_setting('app.admin'::text, true), 'false'::text) = 'true'::text)))
                                           SubPlan 152
                                             ->  Nested Loop  (cost=61.76..498.65 rows=2 width=16)
                                                   Join Filter: (leases_61.tenant_id = tenants_83.id)
                                                   ->  Seq Scan on tenants tenants_83  (cost=0.00..61.76 rows=1 width=16)
                                                         Filter: ((user_id = (NULLIF(current_setting('app.actor'::text, true), ''::text))::uuid) AND ((user_id = (NULLIF(current_setting('app.actor'::text, true), ''::text))::uuid) OR management_admin() OR managed_tenant_visible(id)) AND ((user_id = (NULLIF(current_setting('app.actor'::text, true), ''::text))::uuid) OR (organization_id = (NULLIF(current_setting('app.org'::text, true), ''::text))::uuid) OR (COALESCE(current_setting('app.admin'::text, true), 'false'::text) = 'true'::text)))
                                                   ->  Seq Scan on leases leases_61  (cost=61.76..433.79 rows=248 width=32)
                                                         Filter: ((((NULLIF(current_setting('app.org'::text, true), ''::text))::uuid IS NULL) OR management_admin() OR management_unit_granted(unit_id, organization_id)) AND ((ANY (tenant_id = (hashed SubPlan 151).col1)) OR management_owner_lease_access(id) OR (organization_id = (NULLIF(current_setting('app.org'::text, true), ''::text))::uuid) OR (COALESCE(current_setting('app.admin'::text, true), 'false'::text) = 'true'::text)))
                                                         SubPlan 151
                                                           ->  Seq Scan on tenants tenants_82  (cost=0.00..61.76 rows=1 width=16)
                                                                 Filter: ((user_id = (NULLIF(current_setting('app.actor'::text, true), ''::text))::uuid) AND ((user_id = (NULLIF(current_setting('app.actor'::text, true), ''::text))::uuid) OR management_admin() OR managed_tenant_visible(id)) AND ((user_id = (NULLIF(current_setting('app.actor'::text, true), ''::text))::uuid) OR (organization_id = (NULLIF(current_setting('app.org'::text, true), ''::text))::uuid) OR (COALESCE(current_setting('app.admin'::text, true), 'false'::text) = 'true'::text)))
                                           SubPlan 154
                                             ->  Seq Scan on leases leases_62  (cost=61.76..433.79 rows=248 width=16)
                                                   Filter: ((((NULLIF(current_setting('app.org'::text, true), ''::text))::uuid IS NULL) OR management_admin() OR management_unit_granted(unit_id, organization_id)) AND ((ANY (tenant_id = (hashed SubPlan 153).col1)) OR management_owner_lease_access(id) OR (organization_id = (NULLIF(current_setting('app.org'::text, true), ''::text))::uuid) OR (COALESCE(current_setting('app.admin'::text, true), 'false'::text) = 'true'::text)))
                                                   SubPlan 153
                                                     ->  Seq Scan on tenants tenants_84  (cost=0.00..61.76 rows=1 width=16)
                                                           Filter: ((user_id = (NULLIF(current_setting('app.actor'::text, true), ''::text))::uuid) AND ((user_id = (NULLIF(current_setting('app.actor'::text, true), ''::text))::uuid) OR management_admin() OR managed_tenant_visible(id)) AND ((user_id = (NULLIF(current_setting('app.actor'::text, true), ''::text))::uuid) OR (organization_id = (NULLIF(current_setting('app.org'::text, true), ''::text))::uuid) OR (COALESCE(current_setting('app.admin'::text, true), 'false'::text) = 'true'::text)))
                       SubPlan 162
                         ->  Aggregate  (cost=1376.09..1376.10 rows=1 width=32)
                               ->  Index Scan using charges_reverses_id_key on charges rv_5  (cost=1367.77..1376.08 rows=1 width=5)
                                     Index Cond: (reverses_id = ch_1.id)
                                     Filter: ((created_at < '2026-10-07 00:00:00+00'::timestamp with time zone) AND (status = 'posted'::text) AND (((NULLIF(current_setting('app.org'::text, true), ''::text))::uuid IS NULL) OR management_admin() OR (ANY (lease_id = (hashed SubPlan 157).col1))) AND ((ANY (lease_id = (hashed SubPlan 159).col1)) OR (ANY (lease_id = (hashed SubPlan 161).col1)) OR (organization_id = (NULLIF(current_setting('app.org'::text, true), ''::text))::uuid) OR (COALESCE(current_setting('app.admin'::text, true), 'false'::text) = 'true'::text)))
                                     SubPlan 157
                                       ->  Seq Scan on leases leases_63  (cost=61.76..433.79 rows=248 width=16)
                                             Filter: ((((NULLIF(current_setting('app.org'::text, true), ''::text))::uuid IS NULL) OR management_admin() OR management_unit_granted(unit_id, organization_id)) AND ((ANY (tenant_id = (hashed SubPlan 156).col1)) OR management_owner_lease_access(id) OR (organization_id = (NULLIF(current_setting('app.org'::text, true), ''::text))::uuid) OR (COALESCE(current_setting('app.admin'::text, true), 'false'::text) = 'true'::text)))
                                             SubPlan 156
                                               ->  Seq Scan on tenants tenants_85  (cost=0.00..61.76 rows=1 width=16)
                                                     Filter: ((user_id = (NULLIF(current_setting('app.actor'::text, true), ''::text))::uuid) AND ((user_id = (NULLIF(current_setting('app.actor'::text, true), ''::text))::uuid) OR management_admin() OR managed_tenant_visible(id)) AND ((user_id = (NULLIF(current_setting('app.actor'::text, true), ''::text))::uuid) OR (organization_id = (NULLIF(current_setting('app.org'::text, true), ''::text))::uuid) OR (COALESCE(current_setting('app.admin'::text, true), 'false'::text) = 'true'::text)))
                                     SubPlan 159
                                       ->  Nested Loop  (cost=61.76..498.65 rows=2 width=16)
                                             Join Filter: (leases_64.tenant_id = tenants_87.id)
                                             ->  Seq Scan on tenants tenants_87  (cost=0.00..61.76 rows=1 width=16)
                                                   Filter: ((user_id = (NULLIF(current_setting('app.actor'::text, true), ''::text))::uuid) AND ((user_id = (NULLIF(current_setting('app.actor'::text, true), ''::text))::uuid) OR management_admin() OR managed_tenant_visible(id)) AND ((user_id = (NULLIF(current_setting('app.actor'::text, true), ''::text))::uuid) OR (organization_id = (NULLIF(current_setting('app.org'::text, true), ''::text))::uuid) OR (COALESCE(current_setting('app.admin'::text, true), 'false'::text) = 'true'::text)))
                                             ->  Seq Scan on leases leases_64  (cost=61.76..433.79 rows=248 width=32)
                                                   Filter: ((((NULLIF(current_setting('app.org'::text, true), ''::text))::uuid IS NULL) OR management_admin() OR management_unit_granted(unit_id, organization_id)) AND ((ANY (tenant_id = (hashed SubPlan 158).col1)) OR management_owner_lease_access(id) OR (organization_id = (NULLIF(current_setting('app.org'::text, true), ''::text))::uuid) OR (COALESCE(current_setting('app.admin'::text, true), 'false'::text) = 'true'::text)))
                                                   SubPlan 158
                                                     ->  Seq Scan on tenants tenants_86  (cost=0.00..61.76 rows=1 width=16)
                                                           Filter: ((user_id = (NULLIF(current_setting('app.actor'::text, true), ''::text))::uuid) AND ((user_id = (NULLIF(current_setting('app.actor'::text, true), ''::text))::uuid) OR management_admin() OR managed_tenant_visible(id)) AND ((user_id = (NULLIF(current_setting('app.actor'::text, true), ''::text))::uuid) OR (organization_id = (NULLIF(current_setting('app.org'::text, true), ''::text))::uuid) OR (COALESCE(current_setting('app.admin'::text, true), 'false'::text) = 'true'::text)))
                                     SubPlan 161
                                       ->  Seq Scan on leases leases_65  (cost=61.76..433.79 rows=248 width=16)
                                             Filter: ((((NULLIF(current_setting('app.org'::text, true), ''::text))::uuid IS NULL) OR management_admin() OR management_unit_granted(unit_id, organization_id)) AND ((ANY (tenant_id = (hashed SubPlan 160).col1)) OR management_owner_lease_access(id) OR (organization_id = (NULLIF(current_setting('app.org'::text, true), ''::text))::uuid) OR (COALESCE(current_setting('app.admin'::text, true), 'false'::text) = 'true'::text)))
                                             SubPlan 160
                                               ->  Seq Scan on tenants tenants_88  (cost=0.00..61.76 rows=1 width=16)
                                                     Filter: ((user_id = (NULLIF(current_setting('app.actor'::text, true), ''::text))::uuid) AND ((user_id = (NULLIF(current_setting('app.actor'::text, true), ''::text))::uuid) OR management_admin() OR managed_tenant_visible(id)) AND ((user_id = (NULLIF(current_setting('app.actor'::text, true), ''::text))::uuid) OR (organization_id = (NULLIF(current_setting('app.org'::text, true), ''::text))::uuid) OR (COALESCE(current_setting('app.admin'::text, true), 'false'::text) = 'true'::text)))
                       SubPlan 183
                         ->  Aggregate  (cost=4531.11..4531.12 rows=1 width=32)
                               ->  Nested Loop  (cost=4500.11..4531.11 rows=1 width=6)
                                     ->  Seq Scan on allocations a_5  (cost=3132.49..3154.29 rows=1 width=22)
                                           Filter: ((created_at < '2026-10-07 00:00:00+00'::timestamp with time zone) AND ((reversed_at IS NULL) OR (reversed_at >= '2026-10-07 00:00:00+00'::timestamp with time zone)) AND (charge_id = ch_1.id) AND (((NULLIF(current_setting('app.org'::text, true), ''::text))::uuid IS NULL) OR management_admin() OR (ANY (payment_id = (hashed SubPlan 169).col1))) AND ((ANY (payment_id = (hashed SubPlan 176).col1)) OR (organization_id = (NULLIF(current_setting('app.org'::text, true), ''::text))::uuid) OR (COALESCE(current_setting('app.admin'::text, true), 'false'::text) = 'true'::text)))
                                           SubPlan 169
                                             ->  Seq Scan on payments payments_10  (cost=1367.48..1565.88 rows=144 width=16)
                                                   Filter: ((((NULLIF(current_setting('app.org'::text, true), ''::text))::uuid IS NULL) OR management_admin() OR (ANY (lease_id = (hashed SubPlan 164).col1))) AND ((status = 'posted'::text) OR management_admin() OR management_finance_member(organization_id)) AND ((ANY (lease_id = (hashed SubPlan 166).col1)) OR (ANY (lease_id = (hashed SubPlan 168).col1)) OR (organization_id = (NULLIF(current_setting('app.org'::text, true), ''::text))::uuid) OR (COALESCE(current_setting('app.admin'::text, true), 'false'::text) = 'true'::text)))
                                                   SubPlan 164
                                                     ->  Seq Scan on leases leases_66  (cost=61.76..433.79 rows=248 width=16)
                                                           Filter: ((((NULLIF(current_setting('app.org'::text, true), ''::text))::uuid IS NULL) OR management_admin() OR management_unit_granted(unit_id, organization_id)) AND ((ANY (tenant_id = (hashed SubPlan 163).col1)) OR management_owner_lease_access(id) OR (organization_id = (NULLIF(current_setting('app.org'::text, true), ''::text))::uuid) OR (COALESCE(current_setting('app.admin'::text, true), 'false'::text) = 'true'::text)))
                                                           SubPlan 163
                                                             ->  Seq Scan on tenants tenants_89  (cost=0.00..61.76 rows=1 width=16)
                                                                   Filter: ((user_id = (NULLIF(current_setting('app.actor'::text, true), ''::text))::uuid) AND ((user_id = (NULLIF(current_setting('app.actor'::text, true), ''::text))::uuid) OR management_admin() OR managed_tenant_visible(id)) AND ((user_id = (NULLIF(current_setting('app.actor'::text, true), ''::text))::uuid) OR (organization_id = (NULLIF(current_setting('app.org'::text, true), ''::text))::uuid) OR (COALESCE(current_setting('app.admin'::text, true), 'false'::text) = 'true'::text)))
                                                   SubPlan 166
                                                     ->  Nested Loop  (cost=61.76..498.65 rows=2 width=16)
                                                           Join Filter: (leases_67.tenant_id = tenants_91.id)
                                                           ->  Seq Scan on tenants tenants_91  (cost=0.00..61.76 rows=1 width=16)
                                                                 Filter: ((user_id = (NULLIF(current_setting('app.actor'::text, true), ''::text))::uuid) AND ((user_id = (NULLIF(current_setting('app.actor'::text, true), ''::text))::uuid) OR management_admin() OR managed_tenant_visible(id)) AND ((user_id = (NULLIF(current_setting('app.actor'::text, true), ''::text))::uuid) OR (organization_id = (NULLIF(current_setting('app.org'::text, true), ''::text))::uuid) OR (COALESCE(current_setting('app.admin'::text, true), 'false'::text) = 'true'::text)))
                                                           ->  Seq Scan on leases leases_67  (cost=61.76..433.79 rows=248 width=32)
                                                                 Filter: ((((NULLIF(current_setting('app.org'::text, true), ''::text))::uuid IS NULL) OR management_admin() OR management_unit_granted(unit_id, organization_id)) AND ((ANY (tenant_id = (hashed SubPlan 165).col1)) OR management_owner_lease_access(id) OR (organization_id = (NULLIF(current_setting('app.org'::text, true), ''::text))::uuid) OR (COALESCE(current_setting('app.admin'::text, true), 'false'::text) = 'true'::text)))
                                                                 SubPlan 165
                                                                   ->  Seq Scan on tenants tenants_90  (cost=0.00..61.76 rows=1 width=16)
                                                                         Filter: ((user_id = (NULLIF(current_setting('app.actor'::text, true), ''::text))::uuid) AND ((user_id = (NULLIF(current_setting('app.actor'::text, true), ''::text))::uuid) OR management_admin() OR managed_tenant_visible(id)) AND ((user_id = (NULLIF(current_setting('app.actor'::text, true), ''::text))::uuid) OR (organization_id = (NULLIF(current_setting('app.org'::text, true), ''::text))::uuid) OR (COALESCE(current_setting('app.admin'::text, true), 'false'::text) = 'true'::text)))
                                                   SubPlan 168
                                                     ->  Seq Scan on leases leases_68  (cost=61.76..433.79 rows=248 width=16)
                                                           Filter: ((((NULLIF(current_setting('app.org'::text, true), ''::text))::uuid IS NULL) OR management_admin() OR management_unit_granted(unit_id, organization_id)) AND ((ANY (tenant_id = (hashed SubPlan 167).col1)) OR management_owner_lease_access(id) OR (organization_id = (NULLIF(current_setting('app.org'::text, true), ''::text))::uuid) OR (COALESCE(current_setting('app.admin'::text, true), 'false'::text) = 'true'::text)))
                                                           SubPlan 167
                                                             ->  Seq Scan on tenants tenants_92  (cost=0.00..61.76 rows=1 width=16)
                                                                   Filter: ((user_id = (NULLIF(current_setting('app.actor'::text, true), ''::text))::uuid) AND ((user_id = (NULLIF(current_setting('app.actor'::text, true), ''::text))::uuid) OR management_admin() OR managed_tenant_visible(id)) AND ((user_id = (NULLIF(current_setting('app.actor'::text, true), ''::text))::uuid) OR (organization_id = (NULLIF(current_setting('app.org'::text, true), ''::text))::uuid) OR (COALESCE(current_setting('app.admin'::text, true), 'false'::text) = 'true'::text)))
                                           SubPlan 176
                                             ->  Seq Scan on payments payments_11  (cost=1367.48..1565.88 rows=144 width=16)
                                                   Filter: ((((NULLIF(current_setting('app.org'::text, true), ''::text))::uuid IS NULL) OR management_admin() OR (ANY (lease_id = (hashed SubPlan 171).col1))) AND ((status = 'posted'::text) OR management_admin() OR management_finance_member(organization_id)) AND ((ANY (lease_id = (hashed SubPlan 173).col1)) OR (ANY (lease_id = (hashed SubPlan 175).col1)) OR (organization_id = (NULLIF(current_setting('app.org'::text, true), ''::text))::uuid) OR (COALESCE(current_setting('app.admin'::text, true), 'false'::text) = 'true'::text)))
                                                   SubPlan 171
                                                     ->  Seq Scan on leases leases_69  (cost=61.76..433.79 rows=248 width=16)
                                                           Filter: ((((NULLIF(current_setting('app.org'::text, true), ''::text))::uuid IS NULL) OR management_admin() OR management_unit_granted(unit_id, organization_id)) AND ((ANY (tenant_id = (hashed SubPlan 170).col1)) OR management_owner_lease_access(id) OR (organization_id = (NULLIF(current_setting('app.org'::text, true), ''::text))::uuid) OR (COALESCE(current_setting('app.admin'::text, true), 'false'::text) = 'true'::text)))
                                                           SubPlan 170
                                                             ->  Seq Scan on tenants tenants_93  (cost=0.00..61.76 rows=1 width=16)
                                                                   Filter: ((user_id = (NULLIF(current_setting('app.actor'::text, true), ''::text))::uuid) AND ((user_id = (NULLIF(current_setting('app.actor'::text, true), ''::text))::uuid) OR management_admin() OR managed_tenant_visible(id)) AND ((user_id = (NULLIF(current_setting('app.actor'::text, true), ''::text))::uuid) OR (organization_id = (NULLIF(current_setting('app.org'::text, true), ''::text))::uuid) OR (COALESCE(current_setting('app.admin'::text, true), 'false'::text) = 'true'::text)))
                                                   SubPlan 173
                                                     ->  Nested Loop  (cost=61.76..498.65 rows=2 width=16)
                                                           Join Filter: (leases_70.tenant_id = tenants_95.id)
                                                           ->  Seq Scan on tenants tenants_95  (cost=0.00..61.76 rows=1 width=16)
                                                                 Filter: ((user_id = (NULLIF(current_setting('app.actor'::text, true), ''::text))::uuid) AND ((user_id = (NULLIF(current_setting('app.actor'::text, true), ''::text))::uuid) OR management_admin() OR managed_tenant_visible(id)) AND ((user_id = (NULLIF(current_setting('app.actor'::text, true), ''::text))::uuid) OR (organization_id = (NULLIF(current_setting('app.org'::text, true), ''::text))::uuid) OR (COALESCE(current_setting('app.admin'::text, true), 'false'::text) = 'true'::text)))
                                                           ->  Seq Scan on leases leases_70  (cost=61.76..433.79 rows=248 width=32)
                                                                 Filter: ((((NULLIF(current_setting('app.org'::text, true), ''::text))::uuid IS NULL) OR management_admin() OR management_unit_granted(unit_id, organization_id)) AND ((ANY (tenant_id = (hashed SubPlan 172).col1)) OR management_owner_lease_access(id) OR (organization_id = (NULLIF(current_setting('app.org'::text, true), ''::text))::uuid) OR (COALESCE(current_setting('app.admin'::text, true), 'false'::text) = 'true'::text)))
                                                                 SubPlan 172
                                                                   ->  Seq Scan on tenants tenants_94  (cost=0.00..61.76 rows=1 width=16)
                                                                         Filter: ((user_id = (NULLIF(current_setting('app.actor'::text, true), ''::text))::uuid) AND ((user_id = (NULLIF(current_setting('app.actor'::text, true), ''::text))::uuid) OR management_admin() OR managed_tenant_visible(id)) AND ((user_id = (NULLIF(current_setting('app.actor'::text, true), ''::text))::uuid) OR (organization_id = (NULLIF(current_setting('app.org'::text, true), ''::text))::uuid) OR (COALESCE(current_setting('app.admin'::text, true), 'false'::text) = 'true'::text)))
                                                   SubPlan 175
                                                     ->  Seq Scan on leases leases_71  (cost=61.76..433.79 rows=248 width=16)
                                                           Filter: ((((NULLIF(current_setting('app.org'::text, true), ''::text))::uuid IS NULL) OR management_admin() OR management_unit_granted(unit_id, organization_id)) AND ((ANY (tenant_id = (hashed SubPlan 174).col1)) OR management_owner_lease_access(id) OR (organization_id = (NULLIF(current_setting('app.org'::text, true), ''::text))::uuid) OR (COALESCE(current_setting('app.admin'::text, true), 'false'::text) = 'true'::text)))
                                                           SubPlan 174
                                                             ->  Seq Scan on tenants tenants_96  (cost=0.00..61.76 rows=1 width=16)
                                                                   Filter: ((user_id = (NULLIF(current_setting('app.actor'::text, true), ''::text))::uuid) AND ((user_id = (NULLIF(current_setting('app.actor'::text, true), ''::text))::uuid) OR management_admin() OR managed_tenant_visible(id)) AND ((user_id = (NULLIF(current_setting('app.actor'::text, true), ''::text))::uuid) OR (organization_id = (NULLIF(current_setting('app.org'::text, true), ''::text))::uuid) OR (COALESCE(current_setting('app.admin'::text, true), 'false'::text) = 'true'::text)))
                                     ->  Index Scan using payments_pkey on payments p_6  (cost=1367.63..1376.44 rows=1 width=16)
                                           Index Cond: (id = a_5.payment_id)
                                           Filter: ((status = 'posted'::text) AND (((NULLIF(current_setting('app.org'::text, true), ''::text))::uuid IS NULL) OR management_admin() OR (ANY (lease_id = (hashed SubPlan 178).col1))) AND ((status = 'posted'::text) OR management_admin() OR management_finance_member(organization_id)) AND ((ANY (lease_id = (hashed SubPlan 180).col1)) OR (ANY (lease_id = (hashed SubPlan 182).col1)) OR (organization_id = (NULLIF(current_setting('app.org'::text, true), ''::text))::uuid) OR (COALESCE(current_setting('app.admin'::text, true), 'false'::text) = 'true'::text)) AND (COALESCE(posted_at, created_at) < '2026-10-07 00:00:00+00'::timestamp with time zone))
                                           SubPlan 178
                                             ->  Seq Scan on leases leases_72  (cost=61.76..433.79 rows=248 width=16)
                                                   Filter: ((((NULLIF(current_setting('app.org'::text, true), ''::text))::uuid IS NULL) OR management_admin() OR management_unit_granted(unit_id, organization_id)) AND ((ANY (tenant_id = (hashed SubPlan 177).col1)) OR management_owner_lease_access(id) OR (organization_id = (NULLIF(current_setting('app.org'::text, true), ''::text))::uuid) OR (COALESCE(current_setting('app.admin'::text, true), 'false'::text) = 'true'::text)))
                                                   SubPlan 177
                                                     ->  Seq Scan on tenants tenants_97  (cost=0.00..61.76 rows=1 width=16)
                                                           Filter: ((user_id = (NULLIF(current_setting('app.actor'::text, true), ''::text))::uuid) AND ((user_id = (NULLIF(current_setting('app.actor'::text, true), ''::text))::uuid) OR management_admin() OR managed_tenant_visible(id)) AND ((user_id = (NULLIF(current_setting('app.actor'::text, true), ''::text))::uuid) OR (organization_id = (NULLIF(current_setting('app.org'::text, true), ''::text))::uuid) OR (COALESCE(current_setting('app.admin'::text, true), 'false'::text) = 'true'::text)))
                                           SubPlan 180
                                             ->  Nested Loop  (cost=61.76..498.65 rows=2 width=16)
                                                   Join Filter: (leases_73.tenant_id = tenants_99.id)
                                                   ->  Seq Scan on tenants tenants_99  (cost=0.00..61.76 rows=1 width=16)
                                                         Filter: ((user_id = (NULLIF(current_setting('app.actor'::text, true), ''::text))::uuid) AND ((user_id = (NULLIF(current_setting('app.actor'::text, true), ''::text))::uuid) OR management_admin() OR managed_tenant_visible(id)) AND ((user_id = (NULLIF(current_setting('app.actor'::text, true), ''::text))::uuid) OR (organization_id = (NULLIF(current_setting('app.org'::text, true), ''::text))::uuid) OR (COALESCE(current_setting('app.admin'::text, true), 'false'::text) = 'true'::text)))
                                                   ->  Seq Scan on leases leases_73  (cost=61.76..433.79 rows=248 width=32)
                                                         Filter: ((((NULLIF(current_setting('app.org'::text, true), ''::text))::uuid IS NULL) OR management_admin() OR management_unit_granted(unit_id, organization_id)) AND ((ANY (tenant_id = (hashed SubPlan 179).col1)) OR management_owner_lease_access(id) OR (organization_id = (NULLIF(current_setting('app.org'::text, true), ''::text))::uuid) OR (COALESCE(current_setting('app.admin'::text, true), 'false'::text) = 'true'::text)))
                                                         SubPlan 179
                                                           ->  Seq Scan on tenants tenants_98  (cost=0.00..61.76 rows=1 width=16)
                                                                 Filter: ((user_id = (NULLIF(current_setting('app.actor'::text, true), ''::text))::uuid) AND ((user_id = (NULLIF(current_setting('app.actor'::text, true), ''::text))::uuid) OR management_admin() OR managed_tenant_visible(id)) AND ((user_id = (NULLIF(current_setting('app.actor'::text, true), ''::text))::uuid) OR (organization_id = (NULLIF(current_setting('app.org'::text, true), ''::text))::uuid) OR (COALESCE(current_setting('app.admin'::text, true), 'false'::text) = 'true'::text)))
                                           SubPlan 182
                                             ->  Seq Scan on leases leases_74  (cost=61.76..433.79 rows=248 width=16)
                                                   Filter: ((((NULLIF(current_setting('app.org'::text, true), ''::text))::uuid IS NULL) OR management_admin() OR management_unit_granted(unit_id, organization_id)) AND ((ANY (tenant_id = (hashed SubPlan 181).col1)) OR management_owner_lease_access(id) OR (organization_id = (NULLIF(current_setting('app.org'::text, true), ''::text))::uuid) OR (COALESCE(current_setting('app.admin'::text, true), 'false'::text) = 'true'::text)))
                                                   SubPlan 181
                                                     ->  Seq Scan on tenants tenants_100  (cost=0.00..61.76 rows=1 width=16)
                                                           Filter: ((user_id = (NULLIF(current_setting('app.actor'::text, true), ''::text))::uuid) AND ((user_id = (NULLIF(current_setting('app.actor'::text, true), ''::text))::uuid) OR management_admin() OR managed_tenant_visible(id)) AND ((user_id = (NULLIF(current_setting('app.actor'::text, true), ''::text))::uuid) OR (organization_id = (NULLIF(current_setting('app.org'::text, true), ''::text))::uuid) OR (COALESCE(current_setting('app.admin'::text, true), 'false'::text) = 'true'::text)))
                       SubPlan 190
                         ->  Aggregate  (cost=1376.09..1376.10 rows=1 width=32)
                               ->  Index Scan using charges_reverses_id_key on charges rv_6  (cost=1367.77..1376.08 rows=1 width=5)
                                     Index Cond: (reverses_id = ch_1.id)
                                     Filter: ((created_at < '2026-10-07 00:00:00+00'::timestamp with time zone) AND (status = 'posted'::text) AND (((NULLIF(current_setting('app.org'::text, true), ''::text))::uuid IS NULL) OR management_admin() OR (ANY (lease_id = (hashed SubPlan 185).col1))) AND ((ANY (lease_id = (hashed SubPlan 187).col1)) OR (ANY (lease_id = (hashed SubPlan 189).col1)) OR (organization_id = (NULLIF(current_setting('app.org'::text, true), ''::text))::uuid) OR (COALESCE(current_setting('app.admin'::text, true), 'false'::text) = 'true'::text)))
                                     SubPlan 185
                                       ->  Seq Scan on leases leases_75  (cost=61.76..433.79 rows=248 width=16)
                                             Filter: ((((NULLIF(current_setting('app.org'::text, true), ''::text))::uuid IS NULL) OR management_admin() OR management_unit_granted(unit_id, organization_id)) AND ((ANY (tenant_id = (hashed SubPlan 184).col1)) OR management_owner_lease_access(id) OR (organization_id = (NULLIF(current_setting('app.org'::text, true), ''::text))::uuid) OR (COALESCE(current_setting('app.admin'::text, true), 'false'::text) = 'true'::text)))
                                             SubPlan 184
                                               ->  Seq Scan on tenants tenants_101  (cost=0.00..61.76 rows=1 width=16)
                                                     Filter: ((user_id = (NULLIF(current_setting('app.actor'::text, true), ''::text))::uuid) AND ((user_id = (NULLIF(current_setting('app.actor'::text, true), ''::text))::uuid) OR management_admin() OR managed_tenant_visible(id)) AND ((user_id = (NULLIF(current_setting('app.actor'::text, true), ''::text))::uuid) OR (organization_id = (NULLIF(current_setting('app.org'::text, true), ''::text))::uuid) OR (COALESCE(current_setting('app.admin'::text, true), 'false'::text) = 'true'::text)))
                                     SubPlan 187
                                       ->  Nested Loop  (cost=61.76..498.65 rows=2 width=16)
                                             Join Filter: (leases_76.tenant_id = tenants_103.id)
                                             ->  Seq Scan on tenants tenants_103  (cost=0.00..61.76 rows=1 width=16)
                                                   Filter: ((user_id = (NULLIF(current_setting('app.actor'::text, true), ''::text))::uuid) AND ((user_id = (NULLIF(current_setting('app.actor'::text, true), ''::text))::uuid) OR management_admin() OR managed_tenant_visible(id)) AND ((user_id = (NULLIF(current_setting('app.actor'::text, true), ''::text))::uuid) OR (organization_id = (NULLIF(current_setting('app.org'::text, true), ''::text))::uuid) OR (COALESCE(current_setting('app.admin'::text, true), 'false'::text) = 'true'::text)))
                                             ->  Seq Scan on leases leases_76  (cost=61.76..433.79 rows=248 width=32)
                                                   Filter: ((((NULLIF(current_setting('app.org'::text, true), ''::text))::uuid IS NULL) OR management_admin() OR management_unit_granted(unit_id, organization_id)) AND ((ANY (tenant_id = (hashed SubPlan 186).col1)) OR management_owner_lease_access(id) OR (organization_id = (NULLIF(current_setting('app.org'::text, true), ''::text))::uuid) OR (COALESCE(current_setting('app.admin'::text, true), 'false'::text) = 'true'::text)))
                                                   SubPlan 186
                                                     ->  Seq Scan on tenants tenants_102  (cost=0.00..61.76 rows=1 width=16)
                                                           Filter: ((user_id = (NULLIF(current_setting('app.actor'::text, true), ''::text))::uuid) AND ((user_id = (NULLIF(current_setting('app.actor'::text, true), ''::text))::uuid) OR management_admin() OR managed_tenant_visible(id)) AND ((user_id = (NULLIF(current_setting('app.actor'::text, true), ''::text))::uuid) OR (organization_id = (NULLIF(current_setting('app.org'::text, true), ''::text))::uuid) OR (COALESCE(current_setting('app.admin'::text, true), 'false'::text) = 'true'::text)))
                                     SubPlan 189
                                       ->  Seq Scan on leases leases_77  (cost=61.76..433.79 rows=248 width=16)
                                             Filter: ((((NULLIF(current_setting('app.org'::text, true), ''::text))::uuid IS NULL) OR management_admin() OR management_unit_granted(unit_id, organization_id)) AND ((ANY (tenant_id = (hashed SubPlan 188).col1)) OR management_owner_lease_access(id) OR (organization_id = (NULLIF(current_setting('app.org'::text, true), ''::text))::uuid) OR (COALESCE(current_setting('app.admin'::text, true), 'false'::text) = 'true'::text)))
                                             SubPlan 188
                                               ->  Seq Scan on tenants tenants_104  (cost=0.00..61.76 rows=1 width=16)
                                                     Filter: ((user_id = (NULLIF(current_setting('app.actor'::text, true), ''::text))::uuid) AND ((user_id = (NULLIF(current_setting('app.actor'::text, true), ''::text))::uuid) OR management_admin() OR managed_tenant_visible(id)) AND ((user_id = (NULLIF(current_setting('app.actor'::text, true), ''::text))::uuid) OR (organization_id = (NULLIF(current_setting('app.org'::text, true), ''::text))::uuid) OR (COALESCE(current_setting('app.admin'::text, true), 'false'::text) = 'true'::text)))
                       SubPlan 211
                         ->  Aggregate  (cost=4531.11..4531.12 rows=1 width=32)
                               ->  Nested Loop  (cost=4500.11..4531.11 rows=1 width=6)
                                     ->  Seq Scan on allocations a_6  (cost=3132.49..3154.29 rows=1 width=22)
                                           Filter: ((created_at < '2026-10-07 00:00:00+00'::timestamp with time zone) AND ((reversed_at IS NULL) OR (reversed_at >= '2026-10-07 00:00:00+00'::timestamp with time zone)) AND (charge_id = ch_1.id) AND (((NULLIF(current_setting('app.org'::text, true), ''::text))::uuid IS NULL) OR management_admin() OR (ANY (payment_id = (hashed SubPlan 197).col1))) AND ((ANY (payment_id = (hashed SubPlan 204).col1)) OR (organization_id = (NULLIF(current_setting('app.org'::text, true), ''::text))::uuid) OR (COALESCE(current_setting('app.admin'::text, true), 'false'::text) = 'true'::text)))
                                           SubPlan 197
                                             ->  Seq Scan on payments payments_12  (cost=1367.48..1565.88 rows=144 width=16)
                                                   Filter: ((((NULLIF(current_setting('app.org'::text, true), ''::text))::uuid IS NULL) OR management_admin() OR (ANY (lease_id = (hashed SubPlan 192).col1))) AND ((status = 'posted'::text) OR management_admin() OR management_finance_member(organization_id)) AND ((ANY (lease_id = (hashed SubPlan 194).col1)) OR (ANY (lease_id = (hashed SubPlan 196).col1)) OR (organization_id = (NULLIF(current_setting('app.org'::text, true), ''::text))::uuid) OR (COALESCE(current_setting('app.admin'::text, true), 'false'::text) = 'true'::text)))
                                                   SubPlan 192
                                                     ->  Seq Scan on leases leases_78  (cost=61.76..433.79 rows=248 width=16)
                                                           Filter: ((((NULLIF(current_setting('app.org'::text, true), ''::text))::uuid IS NULL) OR management_admin() OR management_unit_granted(unit_id, organization_id)) AND ((ANY (tenant_id = (hashed SubPlan 191).col1)) OR management_owner_lease_access(id) OR (organization_id = (NULLIF(current_setting('app.org'::text, true), ''::text))::uuid) OR (COALESCE(current_setting('app.admin'::text, true), 'false'::text) = 'true'::text)))
                                                           SubPlan 191
                                                             ->  Seq Scan on tenants tenants_105  (cost=0.00..61.76 rows=1 width=16)
                                                                   Filter: ((user_id = (NULLIF(current_setting('app.actor'::text, true), ''::text))::uuid) AND ((user_id = (NULLIF(current_setting('app.actor'::text, true), ''::text))::uuid) OR management_admin() OR managed_tenant_visible(id)) AND ((user_id = (NULLIF(current_setting('app.actor'::text, true), ''::text))::uuid) OR (organization_id = (NULLIF(current_setting('app.org'::text, true), ''::text))::uuid) OR (COALESCE(current_setting('app.admin'::text, true), 'false'::text) = 'true'::text)))
                                                   SubPlan 194
                                                     ->  Nested Loop  (cost=61.76..498.65 rows=2 width=16)
                                                           Join Filter: (leases_79.tenant_id = tenants_107.id)
                                                           ->  Seq Scan on tenants tenants_107  (cost=0.00..61.76 rows=1 width=16)
                                                                 Filter: ((user_id = (NULLIF(current_setting('app.actor'::text, true), ''::text))::uuid) AND ((user_id = (NULLIF(current_setting('app.actor'::text, true), ''::text))::uuid) OR management_admin() OR managed_tenant_visible(id)) AND ((user_id = (NULLIF(current_setting('app.actor'::text, true), ''::text))::uuid) OR (organization_id = (NULLIF(current_setting('app.org'::text, true), ''::text))::uuid) OR (COALESCE(current_setting('app.admin'::text, true), 'false'::text) = 'true'::text)))
                                                           ->  Seq Scan on leases leases_79  (cost=61.76..433.79 rows=248 width=32)
                                                                 Filter: ((((NULLIF(current_setting('app.org'::text, true), ''::text))::uuid IS NULL) OR management_admin() OR management_unit_granted(unit_id, organization_id)) AND ((ANY (tenant_id = (hashed SubPlan 193).col1)) OR management_owner_lease_access(id) OR (organization_id = (NULLIF(current_setting('app.org'::text, true), ''::text))::uuid) OR (COALESCE(current_setting('app.admin'::text, true), 'false'::text) = 'true'::text)))
                                                                 SubPlan 193
                                                                   ->  Seq Scan on tenants tenants_106  (cost=0.00..61.76 rows=1 width=16)
                                                                         Filter: ((user_id = (NULLIF(current_setting('app.actor'::text, true), ''::text))::uuid) AND ((user_id = (NULLIF(current_setting('app.actor'::text, true), ''::text))::uuid) OR management_admin() OR managed_tenant_visible(id)) AND ((user_id = (NULLIF(current_setting('app.actor'::text, true), ''::text))::uuid) OR (organization_id = (NULLIF(current_setting('app.org'::text, true), ''::text))::uuid) OR (COALESCE(current_setting('app.admin'::text, true), 'false'::text) = 'true'::text)))
                                                   SubPlan 196
                                                     ->  Seq Scan on leases leases_80  (cost=61.76..433.79 rows=248 width=16)
                                                           Filter: ((((NULLIF(current_setting('app.org'::text, true), ''::text))::uuid IS NULL) OR management_admin() OR management_unit_granted(unit_id, organization_id)) AND ((ANY (tenant_id = (hashed SubPlan 195).col1)) OR management_owner_lease_access(id) OR (organization_id = (NULLIF(current_setting('app.org'::text, true), ''::text))::uuid) OR (COALESCE(current_setting('app.admin'::text, true), 'false'::text) = 'true'::text)))
                                                           SubPlan 195
                                                             ->  Seq Scan on tenants tenants_108  (cost=0.00..61.76 rows=1 width=16)
                                                                   Filter: ((user_id = (NULLIF(current_setting('app.actor'::text, true), ''::text))::uuid) AND ((user_id = (NULLIF(current_setting('app.actor'::text, true), ''::text))::uuid) OR management_admin() OR managed_tenant_visible(id)) AND ((user_id = (NULLIF(current_setting('app.actor'::text, true), ''::text))::uuid) OR (organization_id = (NULLIF(current_setting('app.org'::text, true), ''::text))::uuid) OR (COALESCE(current_setting('app.admin'::text, true), 'false'::text) = 'true'::text)))
                                           SubPlan 204
                                             ->  Seq Scan on payments payments_13  (cost=1367.48..1565.88 rows=144 width=16)
                                                   Filter: ((((NULLIF(current_setting('app.org'::text, true), ''::text))::uuid IS NULL) OR management_admin() OR (ANY (lease_id = (hashed SubPlan 199).col1))) AND ((status = 'posted'::text) OR management_admin() OR management_finance_member(organization_id)) AND ((ANY (lease_id = (hashed SubPlan 201).col1)) OR (ANY (lease_id = (hashed SubPlan 203).col1)) OR (organization_id = (NULLIF(current_setting('app.org'::text, true), ''::text))::uuid) OR (COALESCE(current_setting('app.admin'::text, true), 'false'::text) = 'true'::text)))
                                                   SubPlan 199
                                                     ->  Seq Scan on leases leases_81  (cost=61.76..433.79 rows=248 width=16)
                                                           Filter: ((((NULLIF(current_setting('app.org'::text, true), ''::text))::uuid IS NULL) OR management_admin() OR management_unit_granted(unit_id, organization_id)) AND ((ANY (tenant_id = (hashed SubPlan 198).col1)) OR management_owner_lease_access(id) OR (organization_id = (NULLIF(current_setting('app.org'::text, true), ''::text))::uuid) OR (COALESCE(current_setting('app.admin'::text, true), 'false'::text) = 'true'::text)))
                                                           SubPlan 198
                                                             ->  Seq Scan on tenants tenants_109  (cost=0.00..61.76 rows=1 width=16)
                                                                   Filter: ((user_id = (NULLIF(current_setting('app.actor'::text, true), ''::text))::uuid) AND ((user_id = (NULLIF(current_setting('app.actor'::text, true), ''::text))::uuid) OR management_admin() OR managed_tenant_visible(id)) AND ((user_id = (NULLIF(current_setting('app.actor'::text, true), ''::text))::uuid) OR (organization_id = (NULLIF(current_setting('app.org'::text, true), ''::text))::uuid) OR (COALESCE(current_setting('app.admin'::text, true), 'false'::text) = 'true'::text)))
                                                   SubPlan 201
                                                     ->  Nested Loop  (cost=61.76..498.65 rows=2 width=16)
                                                           Join Filter: (leases_82.tenant_id = tenants_111.id)
                                                           ->  Seq Scan on tenants tenants_111  (cost=0.00..61.76 rows=1 width=16)
                                                                 Filter: ((user_id = (NULLIF(current_setting('app.actor'::text, true), ''::text))::uuid) AND ((user_id = (NULLIF(current_setting('app.actor'::text, true), ''::text))::uuid) OR management_admin() OR managed_tenant_visible(id)) AND ((user_id = (NULLIF(current_setting('app.actor'::text, true), ''::text))::uuid) OR (organization_id = (NULLIF(current_setting('app.org'::text, true), ''::text))::uuid) OR (COALESCE(current_setting('app.admin'::text, true), 'false'::text) = 'true'::text)))
                                                           ->  Seq Scan on leases leases_82  (cost=61.76..433.79 rows=248 width=32)
                                                                 Filter: ((((NULLIF(current_setting('app.org'::text, true), ''::text))::uuid IS NULL) OR management_admin() OR management_unit_granted(unit_id, organization_id)) AND ((ANY (tenant_id = (hashed SubPlan 200).col1)) OR management_owner_lease_access(id) OR (organization_id = (NULLIF(current_setting('app.org'::text, true), ''::text))::uuid) OR (COALESCE(current_setting('app.admin'::text, true), 'false'::text) = 'true'::text)))
                                                                 SubPlan 200
                                                                   ->  Seq Scan on tenants tenants_110  (cost=0.00..61.76 rows=1 width=16)
                                                                         Filter: ((user_id = (NULLIF(current_setting('app.actor'::text, true), ''::text))::uuid) AND ((user_id = (NULLIF(current_setting('app.actor'::text, true), ''::text))::uuid) OR management_admin() OR managed_tenant_visible(id)) AND ((user_id = (NULLIF(current_setting('app.actor'::text, true), ''::text))::uuid) OR (organization_id = (NULLIF(current_setting('app.org'::text, true), ''::text))::uuid) OR (COALESCE(current_setting('app.admin'::text, true), 'false'::text) = 'true'::text)))
                                                   SubPlan 203
                                                     ->  Seq Scan on leases leases_83  (cost=61.76..433.79 rows=248 width=16)
                                                           Filter: ((((NULLIF(current_setting('app.org'::text, true), ''::text))::uuid IS NULL) OR management_admin() OR management_unit_granted(unit_id, organization_id)) AND ((ANY (tenant_id = (hashed SubPlan 202).col1)) OR management_owner_lease_access(id) OR (organization_id = (NULLIF(current_setting('app.org'::text, true), ''::text))::uuid) OR (COALESCE(current_setting('app.admin'::text, true), 'false'::text) = 'true'::text)))
                                                           SubPlan 202
                                                             ->  Seq Scan on tenants tenants_112  (cost=0.00..61.76 rows=1 width=16)
                                                                   Filter: ((user_id = (NULLIF(current_setting('app.actor'::text, true), ''::text))::uuid) AND ((user_id = (NULLIF(current_setting('app.actor'::text, true), ''::text))::uuid) OR management_admin() OR managed_tenant_visible(id)) AND ((user_id = (NULLIF(current_setting('app.actor'::text, true), ''::text))::uuid) OR (organization_id = (NULLIF(current_setting('app.org'::text, true), ''::text))::uuid) OR (COALESCE(current_setting('app.admin'::text, true), 'false'::text) = 'true'::text)))
                                     ->  Index Scan using payments_pkey on payments p_7  (cost=1367.63..1376.44 rows=1 width=16)
                                           Index Cond: (id = a_6.payment_id)
                                           Filter: ((status = 'posted'::text) AND (((NULLIF(current_setting('app.org'::text, true), ''::text))::uuid IS NULL) OR management_admin() OR (ANY (lease_id = (hashed SubPlan 206).col1))) AND ((status = 'posted'::text) OR management_admin() OR management_finance_member(organization_id)) AND ((ANY (lease_id = (hashed SubPlan 208).col1)) OR (ANY (lease_id = (hashed SubPlan 210).col1)) OR (organization_id = (NULLIF(current_setting('app.org'::text, true), ''::text))::uuid) OR (COALESCE(current_setting('app.admin'::text, true), 'false'::text) = 'true'::text)) AND (COALESCE(posted_at, created_at) < '2026-10-07 00:00:00+00'::timestamp with time zone))
                                           SubPlan 206
                                             ->  Seq Scan on leases leases_84  (cost=61.76..433.79 rows=248 width=16)
                                                   Filter: ((((NULLIF(current_setting('app.org'::text, true), ''::text))::uuid IS NULL) OR management_admin() OR management_unit_granted(unit_id, organization_id)) AND ((ANY (tenant_id = (hashed SubPlan 205).col1)) OR management_owner_lease_access(id) OR (organization_id = (NULLIF(current_setting('app.org'::text, true), ''::text))::uuid) OR (COALESCE(current_setting('app.admin'::text, true), 'false'::text) = 'true'::text)))
                                                   SubPlan 205
                                                     ->  Seq Scan on tenants tenants_113  (cost=0.00..61.76 rows=1 width=16)
                                                           Filter: ((user_id = (NULLIF(current_setting('app.actor'::text, true), ''::text))::uuid) AND ((user_id = (NULLIF(current_setting('app.actor'::text, true), ''::text))::uuid) OR management_admin() OR managed_tenant_visible(id)) AND ((user_id = (NULLIF(current_setting('app.actor'::text, true), ''::text))::uuid) OR (organization_id = (NULLIF(current_setting('app.org'::text, true), ''::text))::uuid) OR (COALESCE(current_setting('app.admin'::text, true), 'false'::text) = 'true'::text)))
                                           SubPlan 208
                                             ->  Nested Loop  (cost=61.76..498.65 rows=2 width=16)
                                                   Join Filter: (leases_85.tenant_id = tenants_115.id)
                                                   ->  Seq Scan on tenants tenants_115  (cost=0.00..61.76 rows=1 width=16)
                                                         Filter: ((user_id = (NULLIF(current_setting('app.actor'::text, true), ''::text))::uuid) AND ((user_id = (NULLIF(current_setting('app.actor'::text, true), ''::text))::uuid) OR management_admin() OR managed_tenant_visible(id)) AND ((user_id = (NULLIF(current_setting('app.actor'::text, true), ''::text))::uuid) OR (organization_id = (NULLIF(current_setting('app.org'::text, true), ''::text))::uuid) OR (COALESCE(current_setting('app.admin'::text, true), 'false'::text) = 'true'::text)))
                                                   ->  Seq Scan on leases leases_85  (cost=61.76..433.79 rows=248 width=32)
                                                         Filter: ((((NULLIF(current_setting('app.org'::text, true), ''::text))::uuid IS NULL) OR management_admin() OR management_unit_granted(unit_id, organization_id)) AND ((ANY (tenant_id = (hashed SubPlan 207).col1)) OR management_owner_lease_access(id) OR (organization_id = (NULLIF(current_setting('app.org'::text, true), ''::text))::uuid) OR (COALESCE(current_setting('app.admin'::text, true), 'false'::text) = 'true'::text)))
                                                         SubPlan 207
                                                           ->  Seq Scan on tenants tenants_114  (cost=0.00..61.76 rows=1 width=16)
                                                                 Filter: ((user_id = (NULLIF(current_setting('app.actor'::text, true), ''::text))::uuid) AND ((user_id = (NULLIF(current_setting('app.actor'::text, true), ''::text))::uuid) OR management_admin() OR managed_tenant_visible(id)) AND ((user_id = (NULLIF(current_setting('app.actor'::text, true), ''::text))::uuid) OR (organization_id = (NULLIF(current_setting('app.org'::text, true), ''::text))::uuid) OR (COALESCE(current_setting('app.admin'::text, true), 'false'::text) = 'true'::text)))
                                           SubPlan 210
                                             ->  Seq Scan on leases leases_86  (cost=61.76..433.79 rows=248 width=16)
                                                   Filter: ((((NULLIF(current_setting('app.org'::text, true), ''::text))::uuid IS NULL) OR management_admin() OR management_unit_granted(unit_id, organization_id)) AND ((ANY (tenant_id = (hashed SubPlan 209).col1)) OR management_owner_lease_access(id) OR (organization_id = (NULLIF(current_setting('app.org'::text, true), ''::text))::uuid) OR (COALESCE(current_setting('app.admin'::text, true), 'false'::text) = 'true'::text)))
                                                   SubPlan 209
                                                     ->  Seq Scan on tenants tenants_116  (cost=0.00..61.76 rows=1 width=16)
                                                           Filter: ((user_id = (NULLIF(current_setting('app.actor'::text, true), ''::text))::uuid) AND ((user_id = (NULLIF(current_setting('app.actor'::text, true), ''::text))::uuid) OR management_admin() OR managed_tenant_visible(id)) AND ((user_id = (NULLIF(current_setting('app.actor'::text, true), ''::text))::uuid) OR (organization_id = (NULLIF(current_setting('app.org'::text, true), ''::text))::uuid) OR (COALESCE(current_setting('app.admin'::text, true), 'false'::text) = 'true'::text)))
   InitPlan 213
     ->  Hash Join  (cost=1.04..159.09 rows=6 width=0)
           Hash Cond: (ch_2.lease_id = l_2.id)
           Join Filter: (ch_2.currency <> l_2.currency)
           ->  CTE Scan on originals ch_2  (cost=0.00..119.24 rows=5962 width=32)
           ->  Hash  (cost=0.64..0.64 rows=32 width=32)
                 ->  CTE Scan on contracts l_2  (cost=0.00..0.64 rows=32 width=32)
 JIT:
   Functions: 2492
   Options: Inlining true, Optimization true, Expressions true, Deforming true
(830 rows)

ROLLBACK
